relationship_id,person_id,company_id,company_name,is_active,start_date,title_at_company,data_source
7ddbfd96-7011-491c-887c-249d02d94853,00eeb3dd-0d51-410a-a622-4c8b667e3727,978312000000470654,Archpolis design,,,,MetaliaBigin
6b835c98-de94-45e8-8076-e3ae835d4813,02429197-0b8f-429d-a123-218f068e7225,e5ce1e42-37ad-4bc4-8984-eaf128cff05f,Zoho Middle East & North Africa,True,2025-09-05T00:00:00.000Z,,Rolodex
51afe00c-7334-44f6-9658-e385d32985ec,036ed910-27e2-4b71-b544-ad0e8b71d0bc,978312000000477717,the iyal atelier,,,,MetaliaBigin
f15b4290-6034-4e4a-a83b-feba28df6ea9,03bc5bcf-abda-4ccb-a67c-867665f28559,0b4cf34f-a348-4365-9926-8005e9585f87,Zohoanalytics,True,2025-09-18T00:00:00.000Z,,Rolodex
77c057c7-59e3-44a1-9d19-acc614197058,04a46d94-86ea-4f92-ad2d-bc02ee65988e,978312000000439701,Space Matters,,,,MetaliaBigin
b2e0bed2-87d6-4c5f-8310-31f932f6b246,04b43913-1519-4ebc-a6fa-c06d9c7a0ff8,f574dbc2-d2ed-4e57-af26-759a8e856787,Futurebiztech,True,2025-08-11T00:00:00.000Z,,Rolodex
83531fc4-00ff-4135-9f08-e736175456be,04bbd952-15b7-43be-ae62-638995ef11a2,978312000000447251,Wadhwa Group,,,,MetaliaBigin
445e4314-33be-4462-b0ee-fcd269291d83,05954743-073b-4a81-b59b-37a750e76a1e,e5ce1e42-37ad-4bc4-8984-eaf128cff05f,Zoho Middle East & North Africa,True,2025-09-05T00:00:00.000Z,,Rolodex
47d9a84c-e016-4f1d-8fa9-d217f3f4e120,05f462a2-f821-4c72-b9e9-40e0426bf824,9da3baa1-8972-4c5c-8873-37fe4709292d,Zohovault,True,2025-09-18T00:00:00.000Z,,Rolodex
f732e108-68ba-4188-9f7d-a4b49db552dd,06849271-0a6f-4fcd-9386-6d6c9ff519a9,1005878000000436540,Rodium Realty Ltd.,,,,ColourcoatsBigin
6a649564-5aa2-46d2-8910-22315626d5d9,07d12bc9-83ab-42fa-80f9-3d2e8fd36c75,1005878000000436499,MorphLab,,,,ColourcoatsBigin
9128cf1e-3027-49eb-90e5-94151b2b2a05,08c4c00b-54a3-4972-9a1c-c2188b819e6c,978312000000422302,Visarg,,,,MetaliaBigin
02388a57-b0ac-4bd0-92ae-e33bbd9ee9d3,0a416b5c-3d9a-4b0c-a99a-cc88b581db27,978312000000439680,Hitesh Katiyar Architecture and Design Studio,,,,MetaliaBigin
823164bd-ed4e-4fdb-a337-088716b9df2c,0a48429f-dacf-4038-83c5-5de5d41f740f,e5ce1e42-37ad-4bc4-8984-eaf128cff05f,Zoho Middle East & North Africa,True,2025-09-18T00:00:00.000Z,,Rolodex
744804b6-dd5d-4b07-a325-e3a54962393b,0ae59392-128a-433f-9529-35642349e591,2508de31-c999-457e-98c3-cf51660c263b,Trustly Technology Solutions Pvt. Ltd.,True,2025-06-26T00:00:00.000Z,,Rolodex
f437e27c-7bd2-4286-9905-d9b81c8c0b6f,0b2739af-f4f1-41a2-9afa-e506b92109f1,978312000000422308,Morpho,,,,MetaliaBigin
57734779-209e-496b-8b40-a45dbab5091a,0b813eb6-861e-4b69-be8c-bc2cad95e959,0b4cf34f-a348-4365-9926-8005e9585f87,Zohoanalytics,True,2025-09-18T00:00:00.000Z,,Rolodex
92fa69a7-41d3-4f2a-a5b9-6a94a6dc19d9,0bdd1196-4a5a-4a19-96cb-fc740e9851c9,978312000000439672,Design Architto,,,,MetaliaBigin
667233d4-9e1c-437b-b50f-80f81f9d8226,0bfd71be-62c8-4023-81cb-996f022afd7e,1005878000000436410,DesignHex,,,,ColourcoatsBigin
37bd8b62-94e2-485e-b9e3-ce3db165c6cb,0c8707ab-285b-4798-9f53-bf2306a3e51c,1005878000000436479,Kiran Gala & Associates,,,,ColourcoatsBigin
98c7724c-a2c2-48fb-b358-abc2ea2f8bae,0c891fe8-5dc0-4d01-b0f0-4feb78822aaf,045f4eca-c464-44d5-ada1-29c2a771d81e,Metalia India,True,2025-07-21T00:00:00.000Z,,Rolodex
2c67f2f0-ce65-4784-879f-0a9c6d86c4e2,0c9d6e55-11ba-43c5-97a6-72628fb3d7b4,978312000000439673,Design Ethics,,,,MetaliaBigin
039b77b0-4c05-4bc5-ac2c-bbebf98302ea,0da1ee30-875d-4944-821e-03098f6864db,1005878000000436356,Aakruti Architects - Ahmedabad,,,,ColourcoatsBigin
0e4d2cd7-73ef-4d2e-ad7a-d1f48201ab02,0dd37abd-75c2-46bc-bc93-de27c2122af3,978312000000439689,Mold,,,,MetaliaBigin
4052ed3b-112e-44d9-a4de-7c6492b248e1,0e4a5a10-f9f1-45ed-978b-aad692e3476f,9eb17dd6-73ce-4110-93a4-5b1367dfb624,Pluro,True,2025-09-16T00:00:00.000Z,,Rolodex
043a8bff-337d-48e4-aacf-9fda24761951,0edab75b-96d6-40ee-b2df-698e47c0b688,174a421c-b03a-49c2-914d-8c4568652e29,Fireflies,True,2025-09-18T00:00:00.000Z,,Rolodex
b9aabc3a-b8f6-430d-b8fe-b11d601dc868,10e28cba-68b1-45b5-9d55-d55ff16894b2,978312000000439712,The Design Cube,,,,MetaliaBigin
43bbeb57-8840-4877-b87e-8b875658aabb,11304b5a-d6af-4cfc-b2a5-36cc8c54e6c1,02ecd1fe-9249-4761-ad36-be98ee5b1bc4,Searce Inc,True,2025-09-18T00:00:00.000Z,,Rolodex
4424f1cb-a554-41d8-ba83-9ff5cb625c2e,1153934b-5d9a-4251-9340-86bb629acc3c,1005878000000436403,D Design Space - Dinesh Jangid,,,,ColourcoatsBigin
6cea3a5b-3387-45c6-ab7c-83726fbe10c0,12fc253a-7013-4fe9-b22f-e244fa78ae5e,978312000000439658,1970,,,,MetaliaBigin
a4cf7e97-fafd-4af7-adfc-a06fb3ae29ce,145ae5c8-f320-4953-8d72-c501dff4a0af,7b0aa6ff-759d-4457-abfe-92264e1dc0a0,Makemytrip,True,2025-09-18T00:00:00.000Z,,Rolodex
87fc3e0a-118d-4716-9a6a-4b2bed1bfd7f,14bdc6b7-6ed5-4d2e-ac7f-916df9d840cb,978312000000422283,Design Doodle,,,,MetaliaBigin
c3aecb4b-656a-49b7-8b3a-8a1b342a6fcb,167d24a9-d69b-475f-a88e-fbd206e03e5e,0b4cf34f-a348-4365-9926-8005e9585f87,Zohoanalytics,True,2025-09-18T00:00:00.000Z,,Rolodex
3ecebae6-9ef3-4608-b5f9-3fd7910f9db3,167faf97-e03b-4557-9413-0f2e21047c4c,978312000000439711,Tech Arch,,,,MetaliaBigin
036e3a25-4eff-4634-bda7-31c33d42554f,173635d5-c3e5-4ad5-b48d-fecc43738166,978312000000512184,Deepak Goyal.ref Ansa Sept 2025,,,,MetaliaBigin
1554369b-c550-4b11-95e6-07bac3dd422e,17528503-1789-47d4-a09b-13abd704362b,83e0ef8e-d353-42b7-a0ef-ee9136478b77,Avendus,True,2025-09-08T00:00:00.000Z,,Rolodex
0802ee32-6b19-4178-83c8-8e71bf2ffbce,18070aa6-c0b4-414c-b527-6c5a1fee1607,1005878000000436457,Hiren Patel Architects,,,,ColourcoatsBigin
22e40da8-3ec5-4330-8aa6-898318c7210c,1845ab99-e0e3-4c07-9771-7ff4aa4f7062,1005878000000436527,Purple Backyard,,,,ColourcoatsBigin
becfcd24-0d92-45f5-8174-dd9cc16994b7,186ed750-8516-4916-9b89-5c151ff94939,978312000000422280,Confluence,,,,MetaliaBigin
e9f7df4a-d93c-4b15-ad91-8d1e9b684488,18e26e9c-cd96-4d3b-84ef-8453be5d63ee,0dfc0db8-b68f-4490-b9a2-a879df95b93a,Bharat Founders Fund,True,2025-09-01T00:00:00.000Z,,Rolodex
5affbe86-927f-46a9-b9b2-4e2b8b184eee,19bff16f-36cc-43d9-865c-31dbd5b5d6b1,23ad6f69-0941-4bbf-9e45-72a3fb72bd05,Pareto Capital,True,2025-05-15T00:00:00.000Z,,Rolodex
7bf12c5c-4765-4484-8085-6a62849ba7fd,1a07d7e0-bc82-4e53-b3a8-5f0ff0ac6a17,b666d3dd-c139-4b62-a186-87b8174e799a,Oracle,True,2025-09-18T00:00:00.000Z,,Rolodex
8f442e53-6c00-4fac-8c15-75bac3935a23,1a30e0f7-0948-4693-8203-4c951b6c28e0,e5e15caa-9aed-4c57-9194-1dab519edc90,Khaitan & Co,True,2025-08-10T00:00:00.000Z,,Rolodex
8e28313e-ae25-46a9-80d3-4d16c6fde818,1a57b264-5c22-4882-8faa-5a5f0008bb33,978312000000439683,Kanvinde Rai & Chowdhury Ar.,,,,MetaliaBigin
958fe006-c191-4df6-bb7c-6ba0562d1d14,1bead36c-35c3-4a60-a98f-61eafe307697,0d579129-9ee0-45de-98a6-2807a5f1ca73,Postman,True,2025-09-21T00:00:00.000Z,,Rolodex
57325339-6303-42d4-8179-56c3793f3594,1c7c038b-6ddc-49bc-9225-5691d3c4998d,978312000000472540,abu palace,,,,MetaliaBigin
51466430-772e-491e-9b73-0de794caec34,1ddd9d46-0349-4e41-981c-2a84287ae847,978312000000439664,Ardete,,,,MetaliaBigin
e95aeeb0-9fcf-4c01-882b-8a8f41837e66,1df3c9f8-aa3f-4de0-b0bc-9fa82fc5bc9c,e5ce1e42-37ad-4bc4-8984-eaf128cff05f,Zoho Middle East & North Africa,True,2025-09-02T00:00:00.000Z,,Rolodex
f981f838-b410-472c-bf7b-4e7d8adaefe0,1e2fbad4-403f-4088-a624-c65c76a6d0c0,53820c97-6f6f-4a62-bef5-9d5daf3f2c22,Rdashpulse,True,2025-09-18T00:00:00.000Z,,Rolodex
60885110-fdbd-49a5-a76c-be9750a17a2f,1ec12e02-42b5-40b1-a300-ba2ebf891215,978312000000439706,Studio Srijan,,,,MetaliaBigin
6078c6a2-36d7-4972-bb8f-c93bc4db9bad,2032eb73-2f04-4e5e-bc40-4a5e4d6d47d2,978312000000439688,MOFA,,,,MetaliaBigin
64f4c131-1d7f-4c71-ad6d-9ab757884b83,21107818-eae1-4a28-8f5c-9b5247a1b21b,4f23c845-74e5-4e0a-94af-cdf36d6a82e9,Bessemer Venture Partners,True,2025-05-15T00:00:00.000Z,,Rolodex
0def0666-8fdc-44ab-a725-3ff0fe57dcfc,21bde521-66a4-4f7f-b293-455c383e2f43,1005878000000436460,Interface By Kunal Barve,,,,ColourcoatsBigin
4cf97706-2a3f-49ae-bb26-c464e81699fd,222aaa18-ce12-47d3-9e22-4f8877dd6e81,da239d17-5581-4658-ab63-1b0a778eab24,Zohobigin,True,2025-09-17T00:00:00.000Z,,Rolodex
29c15911-635a-4b0a-8356-18ca8963fd94,224314c1-7de5-4b99-a864-de595893a452,1005878000000450051,Bhumika Rajda Design Studio,,,,ColourcoatsBigin
018e74f9-beef-4c03-abbb-28b79813b9ad,230567e0-8986-46f6-abf3-2e6873cd02fc,978312000000509260,Aayaam Design Studio,,,,MetaliaBigin
ae644d38-bb5c-4de0-b332-9a1df2b43270,234ad93d-d046-4d54-9c8d-785f4b563969,6c830219-6b26-4034-91a1-6ed87b664412,Interakt,True,2025-09-18T00:00:00.000Z,,Rolodex
767d17bf-dc00-42c5-9b53-17a6b3b3ebe8,2382a774-1495-465c-8bda-512e2d622030,4ec15bda-6d90-4bf8-95c3-cf5857bc792f,Touchstone Partners,True,2025-05-15T00:00:00.000Z,,Rolodex
68c02186-d080-486b-8568-701175111cd4,238be1eb-9030-44f2-a465-700d3affbb3a,02ecd1fe-9249-4761-ad36-be98ee5b1bc4,Searce Inc,True,2025-09-18T00:00:00.000Z,,Rolodex
c55f1632-eb59-438c-b545-8cc789bea570,2421c128-d4e8-4a2e-9115-31ed7f0664d2,02ecd1fe-9249-4761-ad36-be98ee5b1bc4,Searce Inc,True,2025-05-30T00:00:00.000Z,,Rolodex
feec67a2-3c31-469a-9046-662f0c7f5e1c,24b76886-aff4-467f-af8f-2b5eea497a4a,08e3b09a-58f9-49fa-8194-d2372ab25976,PwC,True,2025-08-12T00:00:00.000Z,,Rolodex
c136ad86-5c31-4ed3-a91c-8b39d9a19fb7,25c4c96a-57ad-4162-9b87-eb88020437cc,06521f7b-d044-4aba-a199-ecf4b1bf794c,Growthschool,True,2025-09-18T00:00:00.000Z,,Rolodex
4692d3e7-97ed-4d11-a784-6af8f049247f,25cf6b38-8dd6-4636-8859-982831815bab,d00322d5-75ae-452e-bd58-2a30c05a5ada,Mem,True,2025-09-04T00:00:00.000Z,,Rolodex
02c68583-c896-4d9c-a8f9-15b0b14824dd,267b8510-6d3c-41b9-bf39-c8bd771f6ebc,978312000000509428,All Home,,,,MetaliaBigin
cf734785-6310-4dca-83a0-77139fc6f269,26d2e449-d625-4abe-93ca-8f13d0311055,1005878000000436445,Gayathri & Namith Architects,,,,ColourcoatsBigin
a3073960-fb5e-457d-9a54-66c46ca6e792,26e25572-a60d-45f3-9a39-f607afaf2131,e5e15caa-9aed-4c57-9194-1dab519edc90,Khaitan & Co,True,2025-05-15T00:00:00.000Z,,Rolodex
2e050da5-1ba9-451d-a264-629dfff7e1a6,27215a90-a5b9-42ec-98f6-637ae8932562,045f4eca-c464-44d5-ada1-29c2a771d81e,Metalia India,True,2025-08-20T00:00:00.000Z,,Rolodex
bb7f152a-2728-4d2f-8410-5ea06bc62273,274268a5-d3b0-48f7-9575-5c2be428105e,1005878000000436489,Mahaveer Patil & Associates,,,,ColourcoatsBigin
bcceee31-7fa0-4988-ae04-caaff616ae75,27e2b726-4dc0-4c6e-99ce-7baed28dddbe,9ade8bc1-998f-4b82-86ac-6d2ca2ccada9,Emailnotifications,True,2025-09-18T00:00:00.000Z,,Rolodex
3aa6f42d-1eda-4314-ae28-b6bbe2a63c59,28374965-96e9-4c8f-9f6c-67e83b8c6a1d,978312000000422320,Uncut Design,,,,MetaliaBigin
ee344164-acad-442f-834e-7b5b4f5c157a,28644ca7-d38f-4480-9842-d60aab68178b,978312000000470661,Resonate Designs,,,,MetaliaBigin
9feaad44-9493-4435-a42c-517c2f919327,2992c35c-a71b-498d-87d4-b00b2571272e,978312000000422315,Sambhav,,,,MetaliaBigin
4a37bde6-5291-49fb-826f-39039622869b,29aec3e9-1f7c-4e86-9ad8-9bad12121ce9,978312000000447248,ZZ Architects,,,,MetaliaBigin
276c9fa0-ed30-4b74-afc6-f2cf07533ea6,29ccba74-5bcb-47fe-b48d-2d0a003d72fb,83e0ef8e-d353-42b7-a0ef-ee9136478b77,Avendus,True,2025-08-18T00:00:00.000Z,,Rolodex
f686642c-1469-400c-a4d6-8b1b63a482d1,2a1dfb42-d821-4175-9f91-7fdb34c31c40,6f233d25-2167-4329-ba51-50590cd8412e,Langchain,True,2025-09-18T00:00:00.000Z,,Rolodex
aaaf8a4d-389b-4ca7-8faf-774d0d847ecd,2a859dd3-ec08-4c94-9010-c57042e040a8,3566d9a0-df16-4f75-a7e2-ba7d80f406c8,Contetra Private Limited,True,2025-09-18T00:00:00.000Z,,Rolodex
12ec7937-7c64-4806-940c-a4c7053d1b0c,2b119d2e-d516-45e1-9a85-84d7e05c5d6b,3566d9a0-df16-4f75-a7e2-ba7d80f406c8,Contetra Private Limited,True,2025-08-20T00:00:00.000Z,,Rolodex
d56d28b0-7748-40c0-9a8b-a9fc20a3089c,2bb930ca-a0a3-47ed-b703-fbba4954c70a,694dc90d-1804-467c-9a35-ea8838f09a7f,Leviathan Systems Pvt. Ltd,True,2025-07-22T00:00:00.000Z,,Rolodex
61fcc1d1-1163-441c-aef6-209109e74b22,2be08d97-063a-4e2a-a4f2-45ca35d4a52a,978312000000447246,Shree Krishna Group,,,,MetaliaBigin
c799d9b8-1119-42de-873d-4a0acc602494,2be0bcae-8beb-4b70-a46c-add73067b3fe,ae56d478-2cd7-45b5-8832-97824131f656,Zapkey,True,2025-09-18T00:00:00.000Z,,Rolodex
aaf78d1e-51fa-442d-9bc3-5787cda1fa04,2bf52b80-7dfc-451e-9d99-e65addb13713,045f4eca-c464-44d5-ada1-29c2a771d81e,Metalia India,True,2025-08-14T00:00:00.000Z,,Rolodex
ddd64f82-bc1e-43dd-9a63-d296ee12dcb3,2c5db65a-61a4-4e47-bc49-e41b1d5a30a7,83e0ef8e-d353-42b7-a0ef-ee9136478b77,Avendus,True,2025-09-18T00:00:00.000Z,,Rolodex
fba8e7c9-7154-4bea-bdb4-27d8288d8617,2cc24e04-2b21-470d-a12d-190fbfd2f950,0dfc0db8-b68f-4490-b9a2-a879df95b93a,Bharat Founders Fund,True,2025-09-18T00:00:00.000Z,,Rolodex
f64d866c-f3de-48ad-8ebe-33a0ee005a47,2d4b355b-02b3-41d0-b6d8-14b3f493166b,978312000000433042,Design Consortia,,,,MetaliaBigin
525e33b6-4a82-4783-88a9-090628b08ec3,2e9ba5cc-2d0a-403b-bf81-6f1c5e7d105b,978312000000422286,42MM,,,,MetaliaBigin
084eed89-1bf3-490f-95d3-efd713105d4e,2ea71a71-d150-4304-8779-1cbee18d3dc6,eb242af3-5e5d-4066-8344-acbb136fb780,E,True,2025-09-18T00:00:00.000Z,,Rolodex
75f2539d-058a-4b85-98ba-9ca7cc956226,300441bb-5705-4fdb-a45a-3862e7e9bab4,2508de31-c999-457e-98c3-cf51660c263b,Trustly Technology Solutions Pvt. Ltd.,True,2025-05-15T00:00:00.000Z,,Rolodex
8ebafc7b-3d9d-47ec-bf94-6bdfe36471c5,305df275-f303-454d-8082-2bf16de343a8,4f23c845-74e5-4e0a-94af-cdf36d6a82e9,Bessemer Venture Partners,False,2025-07-22T00:00:00.000Z,,Rolodex
ef7ff074-b26a-4515-b7d4-e73a5bb3bc9b,305df275-f303-454d-8082-2bf16de343a8,3e87510b-dc75-45a1-ae1e-901bf4a65d06,Cashify,False,2025-07-17T00:00:00.000Z,,Rolodex
42fad43b-ab2d-4635-94ef-97587f94aa88,305df275-f303-454d-8082-2bf16de343a8,5b4784b8-3ecc-4f8c-9dd5-ed9c18636220,Leena AI,False,2025-07-17T00:00:00.000Z,,Rolodex
3f5f24e0-50f2-430e-a145-1e218837fd95,305df275-f303-454d-8082-2bf16de343a8,ab0c082e-5034-47c2-bdb0-f869ef22b607,Lentra,True,2025-07-17T00:00:00.000Z,,Rolodex
522ba3c6-2c6b-417f-a14e-4ccffbdbe960,305df275-f303-454d-8082-2bf16de343a8,f7514b13-b849-49b8-90cc-b704124907eb,MyGlamm | Good Glamm Group,False,2025-07-17T00:00:00.000Z,,Rolodex
00453d22-ba66-4cd7-b31f-756b4a0c8f1b,305df275-f303-454d-8082-2bf16de343a8,ddb921b8-9aab-40f6-be67-579b1becd0b7,Nova Benefits,False,2025-07-17T00:00:00.000Z,,Rolodex
e8b7c99f-8ec7-4644-ba58-ceee79f330ef,30f3ac61-5981-4eb0-b96e-eab79c6fe467,62800c84-8eec-4b84-a107-f80bae184984,Email,True,2025-09-18T00:00:00.000Z,,Rolodex
b2174c45-abc3-41f6-9c5a-3e8ff3a9001b,321970e6-a032-40cf-a957-1a4e85beb45d,4f23c845-74e5-4e0a-94af-cdf36d6a82e9,Bessemer Venture Partners,True,2025-07-21T00:00:00.000Z,,Rolodex
e6a18688-d07c-4b27-9ce1-a20671600850,33c5d2b0-6768-4f3f-bc2a-131952877266,978312000000537047,M2K,,,,MetaliaBigin
ddad0092-6e4c-49e1-ac43-894128ae72bc,34aee28d-51ae-44e0-9901-0b93cc752d88,978312000000470435,MORPH DESIGN,,,,MetaliaBigin
c22bc8b6-2657-4025-962a-5984d819155f,35394f47-c460-4f40-a997-70016f2d62f6,978312000000439171,floor and furnish,,,,MetaliaBigin
dbf85bea-c196-426f-9cad-e106bbad8247,361af7ec-b5d6-4c8d-8eb1-5fd726d981b2,978312000000439694,QED,,,,MetaliaBigin
3f7ce0fb-40f3-4036-a7b5-45ecb2d2238e,368cee0e-65fd-431e-b223-b1f27b5c3ca8,e5ce1e42-37ad-4bc4-8984-eaf128cff05f,Zoho Middle East & North Africa,True,2025-09-18T00:00:00.000Z,,Rolodex
c023af7d-76c8-4df3-a183-eca252b2e035,36b631aa-e9ef-44b6-b52e-aa39cfaf3174,17a8c0aa-71d4-4e38-a971-ef02cd425b4c,AllHome,False,2025-05-15T00:00:00.000Z,,Rolodex
e556066d-3f7d-441d-87b5-c429cb0e2168,36b631aa-e9ef-44b6-b52e-aa39cfaf3174,0dfc0db8-b68f-4490-b9a2-a879df95b93a,Bharat Founders Fund,True,2025-08-13T00:00:00.000Z,,Rolodex
6b707dac-631c-458b-950b-0cdf3e3ba41f,36b631aa-e9ef-44b6-b52e-aa39cfaf3174,57f8cbe6-0c41-4de7-bbc8-f784d363cf57,PharmEasy,False,2025-05-15T00:00:00.000Z,,Rolodex
b5b8891d-d337-468e-b5e1-d5fff660cb23,37cbbba7-9905-4ece-884f-12aa30aa7353,2328dafe-2f95-4419-b2b5-b7c106b3d411,Engage,True,2025-09-18T00:00:00.000Z,,Rolodex
60c592b0-1857-40ed-80ab-3cfea24c9b5f,3859117c-ddc0-40b7-875f-2e87ac25828a,17a8c0aa-71d4-4e38-a971-ef02cd425b4c,AllHome,True,2025-09-23T00:00:00.000Z,,Rolodex
ffbb6cd3-8138-4efc-b1e0-9de2504a0e95,387bb443-00b2-444e-9c4b-553eef13f673,2b056608-0fb1-4f62-a1df-3afdaf970087,Homeoftextile,True,2025-09-18T00:00:00.000Z,,Rolodex
ed3fb76f-0a06-4e6a-aba2-58730d817f93,3890fe5b-ecc8-4b09-b18a-cba4ba55576c,365c6b90-d780-4a99-8e99-bd6a4b070cfd,Avarchar,True,2025-07-24T00:00:00.000Z,,Rolodex
ed6c0987-228a-4b5c-908f-b0c2d32eb8e5,3ad7b833-0583-43e4-b168-edac35b990bb,02ecd1fe-9249-4761-ad36-be98ee5b1bc4,Searce Inc,True,2025-05-15T00:00:00.000Z,,Rolodex
20aed408-ecf0-4e46-943e-9926f5e3ed4e,3daf6df4-afe2-4788-a594-b6d0af40469d,1005878000000436377,Atelier Ashiesh Shah,,,,ColourcoatsBigin
6d13ca3c-eafd-4d2e-8b71-9e2e06ec31af,3df91c05-c7db-4cd5-b5ea-11c77ceaafef,e5ce1e42-37ad-4bc4-8984-eaf128cff05f,Zoho Middle East & North Africa,True,2025-09-05T00:00:00.000Z,,Rolodex
588a9d2e-86bd-4513-98b3-2564bf115e6e,3e40fbac-64e3-4d8a-8599-3d448dcdc40e,b666d3dd-c139-4b62-a186-87b8174e799a,Oracle,True,2025-09-17T00:00:00.000Z,,Rolodex
313feeb8-e707-46ee-aedd-c63d822f6015,3e673e12-5d50-418e-b3c6-28b79f034a2c,2fafe93c-9c49-47db-94b3-ccde4683d5ca,Elle Decor India,True,2025-09-19T00:00:00.000Z,,Rolodex
3647e064-ae09-436a-ae1a-f3d11183e9b0,3eddcb36-c185-47e8-8b12-43d4f880749f,978312000000439715,Tru Key,,,,MetaliaBigin
2725e898-7919-420c-9bc4-07b6f45057b2,3f3ee856-aa6f-4002-896b-862f781cb880,978312000000439713,TPA,,,,MetaliaBigin
098fa30b-fc74-4c14-acac-bbfea005a262,3fb40982-5781-412f-9159-88c80ed7d0ac,1005878000000436444,Gauri Khan Designs,,,,ColourcoatsBigin
89493624-4354-43fb-8182-190407f98061,40bcfaa1-e38e-4f1d-8c8a-8b05764dab95,17a8c0aa-71d4-4e38-a971-ef02cd425b4c,AllHome,False,2025-05-15T00:00:00.000Z,,Rolodex
2ac487d0-1749-49b0-9af4-867499f341ff,40bcfaa1-e38e-4f1d-8c8a-8b05764dab95,0dfc0db8-b68f-4490-b9a2-a879df95b93a,Bharat Founders Fund,True,2025-07-21T00:00:00.000Z,,Rolodex
a0420b3c-cb7f-4ed9-b036-7c9f2e649593,41441b3a-8a78-4e33-a6e5-c4f21e0499db,1005878000000436435,FAQUIH AND ASSOCIATES,,,,ColourcoatsBigin
06aa648e-1db3-400a-b5f2-4557aa0f3e68,42d9ab44-8671-42ed-a948-7d1fc8cb27c0,1005878000000436576,Studio Design Inc,,,,ColourcoatsBigin
9820df2c-b1cd-4723-ad84-58b3d8a796d7,441de924-b447-4616-bde2-10cfa5cdb318,978312000000440460,THE BRIJ,,,,MetaliaBigin
dd5c1e9c-7d3f-4fc9-ac71-eb89e674485e,4454cedc-42c2-4acf-bea3-04001d863f7b,978312000000422283,Design Doodle,,,,MetaliaBigin
3d48b5ca-508f-4e6d-829f-8825d9cc7e0b,448258e5-c364-44cd-9281-45cd99c4778d,1005878000000436410,DesignHex,,,,ColourcoatsBigin
8511dc30-7af2-4311-aa54-6b97d46302c7,44a1eb0f-0858-4551-a120-348356b1fb81,978312000000461507,Test Company,,,,MetaliaBigin
e44c8bb3-c68b-432d-8705-1816a23e67b8,44c868dc-1806-41ac-af44-1fa0dec10fe1,978312000000470664,Visarg Design Studio,,,,MetaliaBigin
dae43760-cd38-49a7-8d08-83546b6f9791,44e7dae1-6b21-4592-93d1-071156abd9be,978312000000437201,Kartik Aggarwal Muzaffarnagar,,,,MetaliaBigin
21940ebc-5ea8-43eb-9423-aacf52c084b5,450b285e-dce5-4058-af50-f76f64f95ab1,ddfc635b-567f-4fc6-b29e-a71a1cea0cde,Simple,True,2025-09-18T00:00:00.000Z,,Rolodex
7b76bac7-cad6-4149-9e81-1d1ba1f23fb2,452ba273-32f8-4aa9-8aa9-289c6ea1ccd3,978312000000447243,Attico,,,,MetaliaBigin
1328a7ea-acb5-4080-899a-3192f60cb872,454f271d-0ef3-4e19-b042-6cd652eb9528,978312000000439704,Studio Mathema,,,,MetaliaBigin
15705bec-3bfe-4c19-82d2-990a520947fa,4576d566-3290-4f74-b82a-a1274d140f60,1005878000000436371,Annkur Khosla Design Studio,,,,ColourcoatsBigin
129a982d-6491-488a-a654-1874408d7b6a,45bf1fde-0c92-4fd9-ace6-9d504c86ff56,1005878000000436457,Hiren Patel Architects,,,,ColourcoatsBigin
bfea9603-2a27-4b36-bfc9-209477792ccb,463124e6-a78b-456f-afeb-b9a2ae4b1509,978312000000439700,Space Design,,,,MetaliaBigin
37175d63-306d-49dd-bbe0-d2c6107c32c2,464ce477-f33b-414c-845e-e80f4244238d,978312000000439707,Studio Zoera,,,,MetaliaBigin
541be006-4ddc-48c1-8a74-1335a0b629e3,475b415c-422a-41e9-9efc-44faa15366ed,978312000000439717,ZED Lab,,,,MetaliaBigin
96d2ace0-1338-49aa-8a15-cf07fff0d62b,4780374e-ae1b-4990-9faf-c0ae6ba7d74c,47abb3c7-3563-479a-bf79-f8f328424832,Accounts,True,2025-09-24T00:00:00.000Z,,Rolodex
6d98d119-905f-4385-a9d2-c47abcc5507d,479ea1f9-10c9-4c91-bf6b-311cc6154fc3,17a8c0aa-71d4-4e38-a971-ef02cd425b4c,AllHome,False,2025-05-29T00:00:00.000Z,,Rolodex
d36a9fd7-cbc8-4d66-8d76-10fe9d70c402,479ea1f9-10c9-4c91-bf6b-311cc6154fc3,0dfc0db8-b68f-4490-b9a2-a879df95b93a,Bharat Founders Fund,True,2025-08-08T00:00:00.000Z,,Rolodex
3753ffcd-8376-4a9f-a15f-7b55bd044c2c,47a53210-d0cb-4b7f-9c26-50e3cb4a24af,1005878000000436463,Interiors By J,,,,ColourcoatsBigin
6a4207e6-1be2-455f-b6b0-b51fe52477f2,47e41bc7-03a9-45d0-9bc8-e28be4152dd2,1005878000000436511,Neterwala & Aibara Interior Architects,,,,ColourcoatsBigin
7aae50e3-c064-46a5-bf30-70199e530512,47f873bc-26b6-48ba-b3a6-6c5b73c8609d,3566d9a0-df16-4f75-a7e2-ba7d80f406c8,Contetra Private Limited,True,2025-08-20T00:00:00.000Z,,Rolodex
9586656a-0d97-4d67-a660-41de0b8faf3c,4972d9c8-f814-4e14-b65a-c18971c4aa97,6c830219-6b26-4034-91a1-6ed87b664412,Interakt,True,2025-07-10T00:00:00.000Z,,Rolodex
90d6902a-72a5-46be-87fb-83369e4b3cf8,49a61bec-f176-4c62-87f2-488e98d56ad7,0dfc0db8-b68f-4490-b9a2-a879df95b93a,Bharat Founders Fund,True,2025-09-10T00:00:00.000Z,,Rolodex
6752dd63-f8a6-4fa4-807d-3a42a804b4c3,4a399595-a826-45fb-a3a7-ff9e23ac3cd7,978312000000422286,42MM,,,,MetaliaBigin
fa2825e2-9087-4567-bb71-2ba013edd3f7,4a79bf54-2826-419a-91d1-947679c4f370,1005878000000436443,Garnet Interiors,,,,ColourcoatsBigin
790af0c7-2819-4191-a868-cfa68374ef00,4a8912ea-edf4-4c5a-99b8-44e5e52209c3,f574dbc2-d2ed-4e57-af26-759a8e856787,Futurebiztech,True,2025-09-12T00:00:00.000Z,,Rolodex
c92051d3-4ff7-4ade-9a02-19000e0f88e6,4ab3cc99-7dcc-44b4-9fdb-71faaf0a05c1,978312000000447253,Kripa Developers,,,,MetaliaBigin
65f3418b-0873-4abc-96e1-e51905d74728,4b281e76-3743-4e4f-93cb-90ddfa9c2733,978312000000422293,EDC Arch,,,,MetaliaBigin
028895e6-5fee-459f-be0c-113a23597de7,4bc6b131-7e47-43bc-a349-ffca66a61674,1005878000000436352,3MM Concept,,,,ColourcoatsBigin
0e13849d-4f73-452b-a593-a88fc1935735,4c0f8dca-7982-419f-ae18-d910a0c277c9,978312000000528067,HABITATA DEVELOPER,,,,MetaliaBigin
b6997c1a-1b0a-491d-9ee5-ac983fb6b4e0,4ca922ee-78c6-40f2-8f71-7dea0dd53206,978312000000422310,Privee,,,,MetaliaBigin
604dc69b-a6be-4f1c-95c5-ae93253ef855,4cbba8d7-579c-4618-85c0-a98f86343348,b8d8fc69-4023-4f27-947c-1587a73ed4e7,Mail,True,2025-09-18T00:00:00.000Z,,Rolodex
9b2e7cd3-20ea-4129-8794-1504f37fe8d3,4cd4c483-3f71-4eae-937e-b7f6e8e345bb,978312000000439716,Wagma,,,,MetaliaBigin
bc45cf19-f63e-4fe9-90b0-7990d8abbdfc,4cd94f6c-8bb0-46a0-b1cd-7c1850fe1aea,978312000000422309,Brixel,,,,MetaliaBigin
fb86b71e-14bb-44c1-b027-ce05dcfdd5da,4d5c0807-712a-4de1-b402-0da73ca10352,02ecd1fe-9249-4761-ad36-be98ee5b1bc4,Searce Inc,True,2025-09-18T00:00:00.000Z,,Rolodex
66734f33-3b93-47bd-bd0e-2155781e163d,4dfe2d9c-21c1-4db4-8520-f6b8265c183f,17a8c0aa-71d4-4e38-a971-ef02cd425b4c,AllHome,False,2025-05-15T00:00:00.000Z,,Rolodex
2f2de8d9-d65e-40d2-b274-4773aa2bd8c2,4dfe2d9c-21c1-4db4-8520-f6b8265c183f,0dfc0db8-b68f-4490-b9a2-a879df95b93a,Bharat Founders Fund,True,2025-07-23T00:00:00.000Z,,Rolodex
34d1fed8-e34a-4f26-bf33-26b17c104233,4e443753-ab81-4acc-82d0-4f2a26f5f7de,e5ce1e42-37ad-4bc4-8984-eaf128cff05f,Zoho Middle East & North Africa,True,2025-08-29T00:00:00.000Z,,Rolodex
1ca855cd-eeda-4437-aa5b-b3e17afb6ecf,4e937185-6b7f-4a9a-b7c0-59c7b7b3aa44,02ecd1fe-9249-4761-ad36-be98ee5b1bc4,Searce Inc,True,2025-05-15T00:00:00.000Z,,Rolodex
5e243724-8159-447b-8352-cc5316129612,4f476117-1b67-4490-8d2a-54c58e53b353,2508de31-c999-457e-98c3-cf51660c263b,Trustly Technology Solutions Pvt. Ltd.,True,2025-07-19T00:00:00.000Z,,Rolodex
8ab031b5-10b4-4102-b160-55b51d885341,4f606af8-0b97-4c88-b26f-17f0a422b543,1005878000000436396,Chandak Group,,,,ColourcoatsBigin
64841099-08fe-478d-ae25-83a10172fc56,503ce9d2-fce2-4284-9920-7520e1b228c8,1e9d5734-e45c-45fc-b2b2-5941a0da8461,Ledlumlighting,True,2025-09-25T00:00:00.000Z,,Rolodex
52c7e1fe-0c9c-4603-bfc9-ac7e3832a40c,50d9f069-51c4-411b-841c-61e56a5a3528,4888016d-ab36-4203-8141-04813e10422c,Wati,True,2025-08-26T00:00:00.000Z,,Rolodex
ab4284d4-80f0-4447-bde2-81ba1edc9d22,50dc756f-17d0-4cea-ac7e-1cb116a042e5,978312000000447252,Reza Kabul,,,,MetaliaBigin
a665ba8a-cd5b-4841-a6d7-7f59eb1a89e5,50ecde3a-c3a1-4a3c-84cb-89a6659d077f,0b4cf34f-a348-4365-9926-8005e9585f87,Zohoanalytics,True,2025-09-18T00:00:00.000Z,,Rolodex
1e363a92-feef-429b-a59a-008889765090,51134779-1ffd-4b2c-8b10-9e381bf74a3f,4ec15bda-6d90-4bf8-95c3-cf5857bc792f,Touchstone Partners,True,2025-07-21T00:00:00.000Z,,Rolodex
98ae7be7-fa13-4189-94d8-8f300a216ee4,516cfc9a-2c1d-47ec-aea1-779454c74409,9dc9436c-a389-49d1-867c-1e6e55a4ae4a,Clay,True,2025-09-18T00:00:00.000Z,,Rolodex
7dae300e-02f1-4ccc-86a1-22514bded516,51f6ebe3-a7ac-4482-9c0f-90c0903a00da,978312000000439667,August Design Lab,,,,MetaliaBigin
e45dd469-d3cc-4060-8246-a776ae4d70e3,5216a869-b97d-42d6-a13d-c0f8e616f469,978312000000422306,DCA Architects,,,,MetaliaBigin
a0b30401-6b8a-468d-8813-157005cf6e3a,522d78e7-51f8-4a5f-a2e0-ca2ea370fcb9,978312000000422289,SGA Architects,,,,MetaliaBigin
528a8c2f-b017-484e-b678-93e508825d65,5234e5d1-574c-4d6d-9b97-e2eee5cd3690,0dd76dd7-ead6-4de3-afa4-09d5d438d52c,Waterways Ceramica Pvt. Ltd.,True,2025-05-15T00:00:00.000Z,,Rolodex
2ddf375f-9660-4be0-ba65-6185544bf08f,52c93d43-2288-4a22-a081-3d057ed2f1c0,7712bdb8-7d0a-40f7-96d1-b8921a890e30,Homemonde,True,2025-09-22T00:00:00.000Z,,Rolodex
e0e9d7c3-fdf2-410b-ba51-fda41f66c784,5321a145-b028-451f-ba7c-b93c3ac79ca3,782f7508-7dd2-4e7d-9ce5-30cd44719645,Getpowerplay,True,2025-09-18T00:00:00.000Z,,Rolodex
d42ae01b-10b4-4687-b9a5-bace9deff238,53446daf-e393-41bd-a5a7-b8564a413b82,978312000000439669,Bhardwaj Design & Associates,,,,MetaliaBigin
66667287-94d3-451b-9ce7-97de4e4a6ac2,535b1eab-ea83-4673-b4b4-2e269428a36c,1cd358b9-60cc-4c61-afa9-99ec793b3e56,Dex,True,2025-05-15T00:00:00.000Z,,Rolodex
cb92f2f0-060e-4de5-85f3-a3c7a08ad9e5,535b1eab-ea83-4673-b4b4-2e269428a36c,b666d3dd-c139-4b62-a186-87b8174e799a,Oracle,False,2025-05-15T00:00:00.000Z,,Rolodex
0b59aff8-4f3f-4fe2-ad27-c44c337278b8,544eb0c9-03f7-47fc-815c-3043d7e39cc6,978312000000447249,36 Mansions,,,,MetaliaBigin
a6a9153a-07df-4d6d-9b94-e6d214d45bdc,55531c7b-7eb1-4271-8e66-bf61cebbd2bc,978312000000439690,Novarch,,,,MetaliaBigin
3408ce80-3212-4fee-a4a1-5fafe3b5ef93,55fe5b92-8eec-4873-bade-2e13c1f48ba8,978312000000491219,Essentia environment,,,,MetaliaBigin
0bbb5d66-07b9-4e2f-9b30-cd0bdc60835d,568bbd33-759f-4a5b-b890-e99c2a4e6b8b,569176bb-4577-4ed2-8a63-f782b847f07a,Claire.ai,True,2025-09-18T00:00:00.000Z,,Rolodex
0b3cbbdf-9dc9-41e8-adef-efbe3e72c20e,56bc5aad-a72e-4b59-9fdd-8f2ea896d3f4,978312000000422314,PMC - Arch Point,,,,MetaliaBigin
c3a5b4aa-851a-457c-b629-1646a6ac97a9,56f2c79d-9d59-4af8-b15c-f8fa79d52dc2,978312000000422312,Transform Design,,,,MetaliaBigin
7ceead24-f39b-4dd5-9f28-bde643981626,579a3a45-af5d-4ab7-a14a-e62e65c4a52f,978312000000439709,Synthsis,,,,MetaliaBigin
896ef7aa-adbb-453e-a854-8075db93500d,57b9a3f5-a80b-4d32-b9e8-b018b099bfa8,978312000000433322,DEVELOPER,,,,MetaliaBigin
540415af-0b03-498a-af49-5110e3ad4bcd,580954f3-ff81-4166-924f-0612a65e830d,978312000000447254,Sanjay Puri,,,,MetaliaBigin
369d0000-ae81-488a-be4b-df764be56e0d,59763ef4-c061-4b03-af0c-2df7834f09de,978312000000439676,Exhale inetriors,,,,MetaliaBigin
a9c5c3f3-739d-47f3-8dbd-08cf9b8d1430,5bb02b3f-22f6-4f87-a408-25495ffdcf47,978312000000470660,Hafeez Contractor,,,,MetaliaBigin
d15502a7-1484-4f14-9b5b-a6b67f6e1d31,5c0f2717-04c2-41d5-9651-96b60ac6e0c1,83e0ef8e-d353-42b7-a0ef-ee9136478b77,Avendus,True,2025-09-18T00:00:00.000Z,,Rolodex
79ce3934-d944-48d2-903b-1430547e1285,5ca20794-714f-4481-b18e-7f915e3268de,978312000000447255,Avighna Group,,,,MetaliaBigin
2a97c9f2-d921-465a-9a9a-1b0fd18e660e,5d3aa92f-ef8a-452b-a372-f88f9319c293,afcc1a0f-3742-4131-9b94-31701d40ac23,Digital,True,2025-09-23T00:00:00.000Z,,Rolodex
763bdfa2-33ad-4463-b86f-62e427c6a0c7,5d3b2fbc-ed48-4e41-bfda-9319269ad854,17a8c0aa-71d4-4e38-a971-ef02cd425b4c,AllHome,False,2025-06-09T00:00:00.000Z,,Rolodex
4d3ee091-3ef3-41b8-8608-b11c4ac55ec0,5d3b2fbc-ed48-4e41-bfda-9319269ad854,0dfc0db8-b68f-4490-b9a2-a879df95b93a,Bharat Founders Fund,True,2025-07-21T00:00:00.000Z,,Rolodex
08e07d05-ca8f-45d8-bc4e-bc2d9f0cc6cf,5d7708d1-1abe-407a-8a09-149c3fb65ce9,3c02bbf4-f028-46ed-a77a-17d8921c43bb,HIFAB - TWF,True,2025-05-15T00:00:00.000Z,,Rolodex
0764ddc1-738d-4ddb-9e6f-cbfb48ae57ed,5e2cf6c4-8c7a-4cbf-b7d9-ac847425f929,17a8c0aa-71d4-4e38-a971-ef02cd425b4c,AllHome,False,2025-05-15T00:00:00.000Z,,Rolodex
cdeeff1d-541c-4969-9346-bffe045a0ddb,5e2cf6c4-8c7a-4cbf-b7d9-ac847425f929,0dfc0db8-b68f-4490-b9a2-a879df95b93a,Bharat Founders Fund,True,2025-07-20T00:00:00.000Z,,Rolodex
892dcb63-d261-4d5f-bec4-25be2248874e,5ec2e8ff-ad4b-445f-9f0c-ce3e86783b8d,1005878000000436434,Fadd Design Studio,,,,ColourcoatsBigin
7e82b3e6-a0cb-4c73-80c0-237f2419d056,5ff0b8b7-4210-42b7-8f76-b9604b19c17e,978312000000439703,Studio lotus,,,,MetaliaBigin
9fcc9597-92b3-451f-8450-0b1dc9d175b7,60142f0d-c6e6-4a6d-a982-a6fb6377a5b3,978312000000422288,Essence,,,,MetaliaBigin
fd3f5f52-af21-4dd5-b1e3-1cf0f4408fbd,606690dc-d6c5-41e3-82f4-98ae3c953ec5,2508de31-c999-457e-98c3-cf51660c263b,Trustly Technology Solutions Pvt. Ltd.,True,2025-05-19T00:00:00.000Z,,Rolodex
e3d39228-e2cf-4de8-a6f4-b268aef5d81b,61215979-f59d-4b75-8f00-9df1b7e8ab4b,1005878000000445364,Smit Shah Innovative Design,,,,ColourcoatsBigin
cbcf14c2-5642-4e29-a216-d9940234287b,612d489c-6eb8-44d9-9291-e38f12c559ac,1005878000000436384,Avvo Architects,,,,ColourcoatsBigin
a0f23a35-c653-4cfa-aa4d-ad8291feb3b1,61bb6ff9-dc91-443e-aace-b1605c268034,978312000000422299,Luxury Homes,,,,MetaliaBigin
0fcf47f5-a8d0-4e39-b157-f23b84239970,62032fc2-edea-4878-a7fd-4fc8a93e8a3f,314cee21-afa7-4f46-b1d0-7360fb35a8f7,Colour Coats,False,2025-05-30T00:00:00.000Z,,Rolodex
d1f613d2-e032-4c09-ad2e-aebb8aa3dc89,622cb50e-55d9-496b-88a8-63b88b230a59,2508de31-c999-457e-98c3-cf51660c263b,Trustly Technology Solutions Pvt. Ltd.,True,2025-05-15T00:00:00.000Z,,Rolodex
802459ab-12f3-46f0-b26e-7e7d66160faf,63a01364-8673-4589-8a89-a643b9bb56fd,1005878000000436554,Sanman Architects & Interior,,,,ColourcoatsBigin
86009357-8757-4f43-a046-aa7f717e169d,63db07b4-202c-4354-b1fc-3ac9f859d62b,978312000000422294,White Studio Architects,,,,MetaliaBigin
cec811d4-0a04-4ea6-b5e8-7a8e7adfd1ab,643a89fd-50ed-452a-a699-832eb884b0f8,978312000000439708,Symbosis,,,,MetaliaBigin
9cf6183a-7d7b-44ee-866f-e63dd308fe7e,64a0e780-0071-4485-8a49-9f4fb99bafbe,978312000000439662,Anagram,,,,MetaliaBigin
c0e26fef-29a5-4ee8-b16e-1ee886335949,651be3a3-f6f4-43b0-a0d4-ee65f1e203e6,978312000000439692,P Arora Asscocites,,,,MetaliaBigin
b0ab258d-67d1-49ce-ae29-47ed9dbbc2c2,65a2dfc4-2b32-417f-bd38-6f64727bada5,4888016d-ab36-4203-8141-04813e10422c,Wati,True,2025-08-26T00:00:00.000Z,,Rolodex
070bd842-6c4f-4c55-a482-5522f0ee3537,66e71ac4-7a6f-43f1-8450-5a05deb49083,045f4eca-c464-44d5-ada1-29c2a771d81e,Metalia India,True,2025-07-31T00:00:00.000Z,,Rolodex
757f0ccd-51fe-432f-b82c-c505c921cf6a,67461a16-7df9-4a1d-9bd0-d63db98df6bd,ce61ce6e-99bc-4039-96e2-7b80c9334398,Storyathome,True,2025-09-22T00:00:00.000Z,,Rolodex
177a1917-f573-4f96-85c4-462d5b2365d1,67ec9c2e-84da-41a3-88e3-df991c4288ad,978312000000439674,DFI,,,,MetaliaBigin
07d47a14-05a4-4737-8a8c-a89b47791a0e,68a65a0a-401c-4488-9293-149fc86ca4a1,17a8c0aa-71d4-4e38-a971-ef02cd425b4c,AllHome,False,2025-05-15T00:00:00.000Z,,Rolodex
37188bf4-cca1-4c2a-aa34-f9d87b9b9504,68a65a0a-401c-4488-9293-149fc86ca4a1,0dfc0db8-b68f-4490-b9a2-a879df95b93a,Bharat Founders Fund,True,2025-07-20T00:00:00.000Z,,Rolodex
b3333888-1285-4f97-a524-efa90cc8fbf5,68a65a0a-401c-4488-9293-149fc86ca4a1,57f8cbe6-0c41-4de7-bbc8-f784d363cf57,PharmEasy,False,2025-05-21T00:00:00.000Z,,Rolodex
730b171e-bb27-4893-b49d-d59d1bf8eee1,692d926e-d330-4156-808f-02a661fc34f3,e5e15caa-9aed-4c57-9194-1dab519edc90,Khaitan & Co,True,2025-05-15T00:00:00.000Z,,Rolodex
f7f7ddca-087e-4122-b250-1f2229ebb372,6955fc80-f0ae-4702-8f0a-22d7ba7ddc45,978312000000439714,Transform,,,,MetaliaBigin
196f05d3-5add-4df9-bc29-33b3394dab86,6956dc0d-9317-405a-bbc6-5e1488c9bfa8,978312000000439684,Kumar Moorthy & Assocites,,,,MetaliaBigin
1ed6d875-64ac-4f9f-8d5f-45496689e94b,698e0003-555f-47bc-aff8-9ebd3b6a69cf,87bdbc91-e7a2-47f0-8bab-aeeb8053b50d,RDash (YC W22),True,2025-05-15T00:00:00.000Z,,Rolodex
1be22f02-6de1-40c2-9fe6-2ac461fbf22b,69b275d1-53ef-48fb-896d-b34ae94f9833,a711b064-8456-4d06-aa7d-39d059de048b,Marketing,True,2025-09-18T00:00:00.000Z,,Rolodex
7626f4d0-bfd7-414d-9716-dedeeb218a9d,69e759dc-e643-4cc2-92e1-f177cc71f3cd,572ac9e4-de8c-4542-8a8c-adf485a13d75,Sophos,True,2025-09-18T00:00:00.000Z,,Rolodex
575717aa-8008-411a-a1b1-1f3b49e05f73,6a4a9cc6-22dc-4954-a4ce-3198e3e0e462,314cee21-afa7-4f46-b1d0-7360fb35a8f7,Colour Coats,True,2025-08-28T00:00:00.000Z,,Rolodex
e54fdb5a-3c4e-49f4-bfc5-23fe614c080a,6aedd354-84a4-4bcc-8076-a16b163a6c2c,bdfc338e-85a1-4ad8-9ff4-3c86fa5ff1db,Somaiya Vidyavihar University,True,2025-09-18T00:00:00.000Z,,Rolodex
68045ed9-e17e-4a9d-8b47-c9317b099d8f,6b44527b-02f1-46ae-a115-543e42d68b9d,978312000000440438,essentia@,,,,MetaliaBigin
f076be42-8d11-48d4-8464-a6f2379157c3,6bb9685f-d46b-4e15-a0e1-dcf69c6b3bb3,569176bb-4577-4ed2-8a63-f782b847f07a,Claire.ai,True,2025-09-18T00:00:00.000Z,,Rolodex
b4d3a7b8-664d-4149-9db9-6b0d46aff5c9,6bc1cf3e-fe6c-4ed9-a27f-2662a257e877,5386fde2-337e-4625-8d67-030a201b58eb,Travvir,True,2025-09-17T00:00:00.000Z,,Rolodex
89d3968f-8b73-4bdd-8cc8-f72b388a606e,6c45b036-9c0c-4425-9960-3ca839126fbb,1005878000000436485,Line Works,,,,ColourcoatsBigin
ebdd045c-c147-4677-a8ee-60bd05c60911,6c85ea84-3ffe-49de-ba66-ff71c561ca87,314cee21-afa7-4f46-b1d0-7360fb35a8f7,Colour Coats,True,2025-07-22T00:00:00.000Z,,Rolodex
b3fcc558-78b3-410d-a93c-feaaea33c48c,6c8a8ded-411f-4164-a636-dc3e775d76ef,8656f1ac-cc01-4f94-93dc-5fae01f6aab5,114853,True,2025-09-18T00:00:00.000Z,,Rolodex
063fe7e4-4b40-4723-900a-8c4dc91b16bb,6ca7f091-d7a7-4db5-80c4-1ad062c19234,f3d5299d-3576-441a-8821-3fde6317d635,Jiraaf - Powered by AI Growth,True,2025-07-21T00:00:00.000Z,,Rolodex
7efedc5f-eb7d-4a40-b7ab-ed75daf67c5b,6cf310eb-04f2-40a4-845a-187ac0a0ba91,978312000000439675,Draw Design,,,,MetaliaBigin
cadad9c9-43ab-491c-9525-e0676969d08a,6d2569eb-381e-4618-9b47-63a58cf1f38f,5ee16911-649c-43ef-9b24-37c33ec95d64,Prustly,True,2025-09-18T00:00:00.000Z,,Rolodex
d5019b6e-4b92-4985-9b38-63c979cdc419,6d4e6cac-da21-400a-bc99-d47b1641ad49,15ab3ba8-b83a-4f21-94bc-34d21d5709de,Jio Platforms Limited (JPL),True,2025-09-18T00:00:00.000Z,,Rolodex
442e115c-9d5d-4b6c-b072-8e603d8a8c97,6d6c6837-ae39-4ea9-90c7-e4e09662cc78,39fde001-0ece-41a2-ae91-5008dc90b158,Zohosocial,True,2025-09-18T00:00:00.000Z,,Rolodex
e6f927ec-2b86-41ff-9451-b52b4de0f471,6d84ffc4-9238-4a70-8ca6-93e7a5ebe8c0,4eb5b86b-a6aa-4bc0-8d4c-c31ab7535e92,Mail,True,2025-09-18T00:00:00.000Z,,Rolodex
f17a3797-6f13-4dde-ba67-c86c63905c9d,6db8434a-3c99-4594-ab7d-223c2afdda53,feb743e7-87d6-4932-a252-a2f2421be6a9,Power Bridge,True,2025-06-11T00:00:00.000Z,,Rolodex
48773929-1632-4df6-893e-93c997ff5f47,6db8434a-3c99-4594-ab7d-223c2afdda53,49935798-e4b0-4a33-8db8-477feae4f6df,Turquoise - The Bath Couture,True,2025-06-07T00:00:00.000Z,,Rolodex
14020fb1-9810-47b4-8815-5cd16ec2754f,6db8434a-3c99-4594-ab7d-223c2afdda53,996b01d4-98ff-4f00-9fc3-07ff00286583,Uniserledlights,True,2025-06-04T00:00:00.000Z,,Rolodex
93b59ded-99ff-48ee-80c5-e1a93dffb8a1,6db8434a-3c99-4594-ab7d-223c2afdda53,e5ce1e42-37ad-4bc4-8984-eaf128cff05f,Zoho Middle East & North Africa,True,2025-05-29T00:00:00.000Z,,Rolodex
b23e3001-d83a-446c-ac2b-07c005af2bdf,6ee7e04e-a547-46c1-87ce-95c0c803b2eb,25c51bcc-3b84-4aa1-92e8-a1f779588dec,Outskill,True,2025-09-25T00:00:00.000Z,,Rolodex
20edbcef-ce9e-4c23-819d-95de163cb75f,6f43a2bb-f968-4943-b995-c3a3754fe326,978312000000433052,END USER,,,,MetaliaBigin
c3ed7902-7f6e-4537-b221-f236478a1073,6fa35d4c-1e8d-4a6d-bd0c-1f83b97ce981,978312000000439681,Interspace,,,,MetaliaBigin
8210e867-4264-4d9b-845e-52337090985f,70ba5585-0b40-4c9f-8446-723451571318,4ec15bda-6d90-4bf8-95c3-cf5857bc792f,Touchstone Partners,True,2025-05-15T00:00:00.000Z,,Rolodex
9ae5021d-7174-455b-8732-4687c5dea885,719dffc2-5d7c-4588-a62b-dd6778b9324f,978312000000440477,SDG,,,,MetaliaBigin
c77fe2f1-3789-4f61-bc13-4563e3350728,71a04154-209a-4aea-b0bf-4fc2fb1b6862,1005878000000436401,Collective Project,,,,ColourcoatsBigin
c7739d93-3133-45eb-b5e1-2ba8ad42bf4f,72e562f4-6406-48ca-8bd0-30687166c73f,2508de31-c999-457e-98c3-cf51660c263b,Trustly Technology Solutions Pvt. Ltd.,True,2025-09-18T00:00:00.000Z,,Rolodex
1bf79776-6318-4bfe-b892-4b273c457273,72ff971f-f975-47b1-ad8b-648bf688a651,1005878000000436420,DRISHTI ARCHITECTS AND INTERIOR DESIGNERS,,,,ColourcoatsBigin
1371b6e2-cfba-4139-af17-dcae28073fc5,73a47856-8b7e-46ed-9e1c-854c8efb2f08,87bdbc91-e7a2-47f0-8bab-aeeb8053b50d,RDash (YC W22),True,2025-09-03T00:00:00.000Z,,Rolodex
2f0f813c-218b-4a0d-96da-1be751480ef6,73d27b19-2ad9-4a7b-8d58-14600b176cce,a6ec9dd6-cfcf-43bf-b3d5-5cf97c9afbcc,Studioscale,True,2025-09-16T00:00:00.000Z,,Rolodex
978ac7a7-2513-4784-9266-5e4b30eabf6d,73f6e9ca-4c02-4132-8091-74764ce1e0cb,9eb17dd6-73ce-4110-93a4-5b1367dfb624,Pluro,True,2025-09-18T00:00:00.000Z,,Rolodex
1d476e9b-4c58-4023-9aaf-1652ffc6e952,7463dbc6-6360-46c3-ad92-eb10cd8624a8,261e9ff2-aabb-474d-a047-7a61fbae1a9b,Send,True,2025-09-18T00:00:00.000Z,,Rolodex
33afc211-e9a1-4bd5-acce-8a8a0c322e28,74938b98-c587-42f1-b234-4910ed0a00bf,1005878000000436457,Hiren Patel Architects,,,,ColourcoatsBigin
7ad40ede-9085-4580-a144-2b8dec01e0d6,74be36aa-d198-46cc-a817-4dbe52028391,d9a1f679-9a9a-4007-ae99-bfb68693a454,Discover,True,2025-09-18T00:00:00.000Z,,Rolodex
c366c443-5228-4e7f-bebd-b390d71759e8,74ecd173-7da7-4561-a00b-dc65c2fefb97,f3d5299d-3576-441a-8821-3fde6317d635,Jiraaf - Powered by AI Growth,True,2025-07-21T00:00:00.000Z,,Rolodex
8bf16e91-74aa-4950-b92c-654f1c53941b,74f54326-f908-4126-b7bb-416608ae167e,49747108-fb86-492b-a6c3-65c02d03f2ea,Totality Solutions,True,2025-05-15T00:00:00.000Z,,Rolodex
018e5ea8-6deb-43a6-b27d-f1823c208c5f,74fdc605-ce3c-4f8c-82d0-04a21df8d869,81621631-6ca1-4beb-9037-63cf6bd6f09d,Zylalabs,True,2025-09-17T00:00:00.000Z,,Rolodex
953b5b5f-36b3-44b9-8787-19b5a1f392da,7554e393-1379-488e-8eb4-48ccb3955af0,978312000000447247,ADND,,,,MetaliaBigin
d304decf-1ee3-4a83-b1bd-3abe4006b194,75aa2071-2055-42bf-ae6e-c5ea3eac5bbd,978312000000470656,CS82,,,,MetaliaBigin
5eebacb4-8d09-4a19-b9ff-02b61eb7d929,75ab1358-b479-4e91-84a3-dd1c356b2fae,02ecd1fe-9249-4761-ad36-be98ee5b1bc4,Searce Inc,True,2025-09-18T00:00:00.000Z,,Rolodex
be6ad26d-c2ab-4d04-95e9-e99a2274add7,7624134d-97df-46ed-90ff-241c841cde99,4888016d-ab36-4203-8141-04813e10422c,Wati,True,2025-09-18T00:00:00.000Z,,Rolodex
0bf620b2-2e52-4d27-ab07-29261b8bff34,7687e0d2-ba85-4337-b74e-cded36b1cded,cdb481d8-df40-4246-8727-4e2b57629e92,Biginsender,True,2025-09-23T00:00:00.000Z,,Rolodex
20d2638c-90dd-4f8f-90ed-753db4739b8c,76c4853e-30c1-42ea-ac3b-df0688b94503,978312000000422297,M3M,,,,MetaliaBigin
15e88ed0-a193-450a-beef-b6e3a55c2188,76eb681c-eba5-4bf1-a2a5-583919ace077,fba4070b-f220-4c72-9287-9a3477694842,PEP Inc.,False,2025-06-06T00:00:00.000Z,,Rolodex
da7ad0cb-6b1b-4863-8154-993a53ca8cb0,76eb681c-eba5-4bf1-a2a5-583919ace077,dbf70ebd-fd9d-46ce-be37-8b59ffe99a83,Stories by Joseph Radhik,True,2025-06-06T00:00:00.000Z,,Rolodex
808bd7c3-a05b-4172-9bc9-fbfcae200383,77060cdb-2641-44a6-975a-361c88c03e6c,02ecd1fe-9249-4761-ad36-be98ee5b1bc4,Searce Inc,True,2025-05-29T00:00:00.000Z,,Rolodex
ddaa3b36-98bb-455b-a0ea-270cfc897d8d,7708bb15-90cd-46ba-a9e3-72174b0f588a,fdca830f-f401-4794-b2ae-95e86a270b66,Blue Ashva Capital,True,2025-08-05T00:00:00.000Z,,Rolodex
ef2f499e-53ba-41ba-8093-cd49b4456f9f,771cf273-9370-4a97-a158-586fe06ad0b2,978312000000439682,Joshi Arch.,,,,MetaliaBigin
03056b7e-36c2-4d27-899a-b1b1c942ca45,780aa103-bda4-421d-9e9c-097028caa4fc,1005878000000436579,Studio HBA - Hirsch Bedner Associates,,,,ColourcoatsBigin
919da947-43a3-45fb-815f-fdc0ae0b6023,780eb7d6-e8b1-40f4-afe0-3a241e29bcee,978312000000439706,Studio Srijan,,,,MetaliaBigin
03d46a36-cab6-4bd2-be90-d34f60a5a585,7856b04a-20b2-45ef-9944-ddfbe65f4e66,978312000000433052,END USER,,,,MetaliaBigin
e17613a6-6206-44e7-8e83-e3a921f6c7de,78efd9ad-4ae9-44af-bd13-0d9ced9e353e,4f23c845-74e5-4e0a-94af-cdf36d6a82e9,Bessemer Venture Partners,True,2025-08-12T00:00:00.000Z,,Rolodex
20ff6476-a60f-4b4c-bd34-8a8354520cbe,7a1cfa27-2c37-4cb3-9839-6808546605c4,1005878000000436423,Earthy Shades Design Studio,,,,ColourcoatsBigin
e555516b-6c9b-4080-bf58-0bfba5534a11,7a3b461e-1765-4ae0-9cb4-255f8f4587d4,978312000000512702,PS Arora,,,,MetaliaBigin
3b031f1c-2045-41f6-bf1b-e01ed3f5c6ac,7a488a02-c4da-412f-9bc5-d43c0a20e786,17a8c0aa-71d4-4e38-a971-ef02cd425b4c,AllHome,False,2025-05-29T00:00:00.000Z,,Rolodex
edb12cc7-3841-4856-8c51-8a93507c6522,7a488a02-c4da-412f-9bc5-d43c0a20e786,0dfc0db8-b68f-4490-b9a2-a879df95b93a,Bharat Founders Fund,True,2025-07-22T00:00:00.000Z,,Rolodex
32bb3519-60d7-4750-8db3-087c3b73485e,7ab90e52-6fa1-41c7-864c-b610f15af9c4,978312000000439674,DFI,,,,MetaliaBigin
4d6b1619-e797-40bb-bda3-9dc51f6918ae,7b5f3a77-5f85-484c-923b-d9021765ccfa,978312000000440416,E-MAIL,,,,MetaliaBigin
ee3808a6-7e57-45a4-b56f-d9e857d599f6,7b63de51-22ac-40b3-879f-3157fb21f655,314cee21-afa7-4f46-b1d0-7360fb35a8f7,Colour Coats,True,2025-08-25T00:00:00.000Z,,Rolodex
71055242-497b-47db-a5e4-0afc295b08da,7c13c0ad-98c6-40ca-be97-b1f83d9068d8,02ecd1fe-9249-4761-ad36-be98ee5b1bc4,Searce Inc,True,2025-05-29T00:00:00.000Z,,Rolodex
bc7d810c-5384-42ab-aa9a-b698efd75cf7,7c644a00-2d56-4dec-92e2-b38382d9acf1,1d5d6282-40cb-4e24-bc35-dce191bd199c,Blueprintecosys,True,2025-05-15T00:00:00.000Z,,Rolodex
d9d293f5-afa2-42db-8640-fe0331913c2b,7ca8a718-f24c-44d4-9663-9d96f8a386b6,2508de31-c999-457e-98c3-cf51660c263b,Trustly Technology Solutions Pvt. Ltd.,True,2025-09-18T00:00:00.000Z,,Rolodex
75c96f3a-4dc3-4ade-9670-698088a23e12,7cea57f4-d0df-48c9-a3be-4c99e81edf91,314cee21-afa7-4f46-b1d0-7360fb35a8f7,Colour Coats,True,2025-07-21T00:00:00.000Z,,Rolodex
5a31e661-77c9-4a12-b0fa-4f4c50c16aef,7d4cfc62-08a9-4c3f-ac9c-e1f447e2939a,1005878000000436555,Scale Stories,,,,ColourcoatsBigin
95340421-7903-437e-8ef1-25a0df512393,7e21b6c4-6a1d-4bc3-90f2-8ee86c687e75,978312000000447256,VK Developers,,,,MetaliaBigin
c295340c-e54b-4edd-bd96-0799d674ab98,7f2376f4-aea4-4371-a34c-6738622121e6,978312000000422307,Made studio,,,,MetaliaBigin
8e19959a-17ab-434d-8a64-d9fcc4924e93,80313c4e-49ee-4bea-a997-01c90c411f4a,978312000000447242,Svamipva Architect,,,,MetaliaBigin
db1f0304-85d5-49ac-9b9d-c5bf8a7e2895,80860fed-e94e-4351-aaaf-de1fd21fed4a,1005878000000438105,Test,,,,ColourcoatsBigin
7f1d74df-8ee0-41ba-bb9a-01d072fac1cc,80b6a51b-1a7e-44c2-b060-109a16ae978a,de267b35-c0a0-42f8-9b2c-3d527a132582,Ma,True,2025-09-25T00:00:00.000Z,,Rolodex
4b951ff3-d66a-4805-8c6e-9012ecfdf843,817953ce-86cb-4927-8f08-6fcd6fb3cb9a,87bdbc91-e7a2-47f0-8bab-aeeb8053b50d,RDash (YC W22),True,2025-05-15T00:00:00.000Z,,Rolodex
5d6523bb-4fbb-4660-b5b2-6c081ba08067,827ca858-5468-4103-861a-8e9a07aeb824,1005878000000436479,Kiran Gala & Associates,,,,ColourcoatsBigin
d5eaa957-6f2a-4aa8-a216-19773dcb293b,83340270-664c-406c-b848-47efc0d1e61c,978312000000470657,DAVINCIYA,,,,MetaliaBigin
9da2485e-7a0e-4262-8910-a7bdb0f70d1b,837068fd-05b6-414c-910d-48f4846ff5a9,978312000000422284,Green Box,,,,MetaliaBigin
b33119f5-6ebb-4b2e-b5b1-2711960a0848,847edc4d-d90c-4915-9256-2988102a0437,9eb17dd6-73ce-4110-93a4-5b1367dfb624,Pluro,True,2025-09-16T00:00:00.000Z,,Rolodex
2b42a900-80e7-40ef-b58e-6319802d893b,84aa4e39-c832-43b9-a3ee-280e92850e16,978312000000439665,Atrey Associates,,,,MetaliaBigin
30d0875c-b0bb-4b10-bf3e-aa46151afa04,8522212c-e965-4189-a49d-ec910383ae1a,1005878000000436574,Studio Arcon,,,,ColourcoatsBigin
2d4a5745-1477-4ac1-9c97-932bd8ceac93,85c74754-95a5-4169-8e11-0483f045f46e,1005878000000457239,md architect,,,,ColourcoatsBigin
8ebd00b0-208f-4abc-906f-96fc58f59339,86113d37-40c4-4c91-a0da-6fb1870c70ba,e5ce1e42-37ad-4bc4-8984-eaf128cff05f,Zoho Middle East & North Africa,True,2025-08-29T00:00:00.000Z,,Rolodex
d5a7d723-e41c-4d21-b562-6259b1597dc2,86aea8b0-be8b-4b3f-bc5f-539bf2a44a14,2328dafe-2f95-4419-b2b5-b7c106b3d411,Engage,True,2025-09-18T00:00:00.000Z,,Rolodex
7077208b-23de-41e0-bcb1-a011aa4c2208,86ff3827-c03d-4368-83ec-751633a63198,02ecd1fe-9249-4761-ad36-be98ee5b1bc4,Searce Inc,True,2025-09-15T00:00:00.000Z,,Rolodex
ca9fcb25-fe22-4f8d-b39d-65500c1966c4,879c1582-898f-4a78-abfe-5e6d659c1ec0,978312000000422304,IPIPL,,,,MetaliaBigin
8a8bc9ac-7841-4c5e-a400-2afd2ec2d9bf,87d67dc3-33d1-429c-9d83-45c5ddbf4321,8dc8e7f7-6862-4d5f-93f6-50cd8fe4df8b,Owllabs,True,2025-09-18T00:00:00.000Z,,Rolodex
6751c399-0740-4fa6-8e70-b75c1294601a,88183ef8-f806-4a80-b770-d1fe6fdd8d46,1005878000000436351,360 Feet Design Studio,,,,ColourcoatsBigin
b802a89d-5a2f-40bb-9862-7ec1a86e7141,884e6574-68b1-489c-adbf-ddba560adce1,978312000000447254,Sanjay Puri,,,,MetaliaBigin
abbc3dd1-c0de-47e3-a8b3-453341694774,88ba055f-1294-4be3-ae4e-321b2fc55ebc,a3da6c7d-8f5b-41d1-88dd-4b4c55b728ba,Build with AI - Live,True,2025-07-21T00:00:00.000Z,,Rolodex
d6e0c09d-0861-4e47-a6ea-56fcde8f539c,88ee2e3e-e68b-4b2c-94fb-6246cd7774a7,1005878000000457397,Kiran Shetty Design Studio,,,,ColourcoatsBigin
8cbfab79-da9f-4d76-8bd4-4ec7bea0d56d,896f9604-5dce-48fd-910a-78359b27bacb,9eb17dd6-73ce-4110-93a4-5b1367dfb624,Pluro,True,2025-09-21T00:00:00.000Z,,Rolodex
691ac0d0-47ed-4434-8aa5-c79b53005052,89e42f6c-21a6-4769-ae7e-e7c64f0670ad,4888016d-ab36-4203-8141-04813e10422c,Wati,True,2025-09-18T00:00:00.000Z,,Rolodex
ec7c515b-5b55-47fb-baf6-eb0f1ba86e06,8a131b80-8f57-4184-97e7-180eadc01d86,978312000000422304,IPIPL,,,,MetaliaBigin
ed7b0f9d-990d-49f1-887a-8198ccf311b1,8a6a47c4-b352-4ab5-a030-c59d7c3fb4cc,e57b04c0-433f-4454-9c8e-5937a98c3da0,Boards,True,2025-09-18T00:00:00.000Z,,Rolodex
4ed1991d-21da-437b-8218-9b540cd9febb,8aafdef0-05b6-4375-ac62-b43379d4bb2f,714a813c-9b52-40d8-8358-d3fb377ab2ee,Trysquare Flooring Private Limited,True,2025-08-13T00:00:00.000Z,,Rolodex
608e2f74-ea06-420d-9220-dcdc5ed0cd7e,8b341785-68cd-41f6-8a5e-6acad48f2c8f,365c6b90-d780-4a99-8e99-bd6a4b070cfd,Avarchar,True,2025-07-18T00:00:00.000Z,,Rolodex
cc12d0a7-1075-46f0-8d0d-10e69efaf098,8bfd83ce-cece-41ca-bbaa-95194afdad29,1005878000000436522,Pink Octopus By T&J,,,,ColourcoatsBigin
c32b41a7-9cd1-4bbf-b88a-8e9266f23eea,8c20f375-e0e2-48a1-b688-4998ba06739c,569176bb-4577-4ed2-8a63-f782b847f07a,Claire.ai,True,2025-08-26T00:00:00.000Z,,Rolodex
39dc45a9-7078-4377-987f-c5b10c7f81d0,8cacdfcb-e55e-4ec6-bf07-e37c3541cde0,261e9ff2-aabb-474d-a047-7a61fbae1a9b,Send,True,2025-09-18T00:00:00.000Z,,Rolodex
f343a410-2bff-49f6-876a-1a378d7f9fa2,8cb11257-1f8c-4673-af23-a6e2c9ec291f,978312000000440379,The Wadhwa Grouro Landmarks Planned With Passion,,,,MetaliaBigin
d8a74997-80c4-4945-8436-22091673bbb8,8e082cf5-3cb7-4c7a-ad54-c3664d169735,978312000000439700,Space Design,,,,MetaliaBigin
4ff688d3-23f5-4bbd-83b8-4b612dae434b,8e4024bc-6dd7-4b68-adfb-2a519366f268,0dfc0db8-b68f-4490-b9a2-a879df95b93a,Bharat Founders Fund,True,2025-09-15T00:00:00.000Z,,Rolodex
0c557167-0e85-44af-9e11-7bd8264ab2f2,8e9b1396-89e3-4eaf-ad64-63eec4d3f641,978312000000422287,Line N Space,,,,MetaliaBigin
8339573b-79bf-4d65-825b-6f9590e4fcc5,8ed4b831-0fa9-42b7-a0ef-c3385306b834,642aa34d-2f84-4f9d-b6aa-d107c35f4216,Design POV India,True,2025-06-09T00:00:00.000Z,,Rolodex
f7a87442-fc33-41b8-af1f-44d4800e1e54,8ffffa9b-ce56-4b8c-bbf1-cf463389875d,782f7508-7dd2-4e7d-9ce5-30cd44719645,Getpowerplay,True,2025-09-18T00:00:00.000Z,,Rolodex
9477a6eb-b7be-4627-91bd-2da0ba46eee9,902cf0bb-d332-4c50-8e4c-8b23714822f2,314cee21-afa7-4f46-b1d0-7360fb35a8f7,Colour Coats,False,2025-05-29T00:00:00.000Z,,Rolodex
a5caab1c-5921-4716-b1ab-78e2694b5da2,90fc83a1-b64e-49f0-80e5-220230b5915d,1005878000000436416,Dimension Interiors,,,,ColourcoatsBigin
1698e9e5-2500-405e-b889-cd550a36e5fa,91566ba0-763c-4281-ba91-16920ebe6477,c557c589-a8b8-4f56-a7af-be1f701b4916,Projectstudio,True,2025-09-18T00:00:00.000Z,,Rolodex
9b29a6d1-dbca-462e-a855-ae27b79307c8,9219529a-02a3-4071-aed1-6ec8a436af13,a6ec9dd6-cfcf-43bf-b3d5-5cf97c9afbcc,Studioscale,True,2025-09-19T00:00:00.000Z,,Rolodex
b775f2ce-c43e-4d64-acdd-cc0a702725e4,92351500-1c34-4094-8d3e-d5bfb7df23c3,978312000000447251,Wadhwa Group,,,,MetaliaBigin
5b53ddaf-d96b-4304-b378-16086dcee482,926cc3ad-052d-4a6e-a178-addd2cb89329,978312000000433052,END USER,,,,MetaliaBigin
e0ce1717-0637-4faa-ad83-5c866eef920b,9339003e-fd69-472b-9d68-c058e6449bb9,26530c28-f4ab-4f20-a200-ebf56177223e,Wix-forms,True,2025-09-18T00:00:00.000Z,,Rolodex
cee0761f-f81f-4511-b917-3a810752f8b5,94499ddb-040c-43f6-8947-b22b393867e5,375c99e6-68ca-41cb-8fd7-897c246e290e,Oiaistudio,True,2025-09-18T00:00:00.000Z,,Rolodex
f14d055f-113d-421d-846a-b29d25647141,944c8f3a-c3d3-4d8b-bb8a-8df60ff244e6,1005878000000436422,DWG Design,,,,ColourcoatsBigin
09dd7db1-f9df-4fbc-98a6-e00e7e4db574,949a4767-b84c-4308-84cb-6fb44c48b18f,1005878000000436555,Scale Stories,,,,ColourcoatsBigin
d3cd95d0-95bb-47cf-a7a4-64ebaec5279e,94e4afc7-5a1a-44f9-8b17-46fe52fb755c,c861d3d5-0986-4766-8b62-165aa363e709,Fiamarc,True,2025-05-29T00:00:00.000Z,,Rolodex
a0fd710b-d8e3-4d40-a676-3926edecae0f,94e4afc7-5a1a-44f9-8b17-46fe52fb755c,b866028e-81b1-4df3-a3e0-4f8107427a3f,Jyoti Group,True,2025-05-29T00:00:00.000Z,,Rolodex
19c1fd51-3735-4925-911b-d4c71e92d4a3,954f4d35-8ef1-4b61-b1bd-db96bdd353ed,978312000000422319,WMA,,,,MetaliaBigin
2a826efc-265e-4e62-bc91-6bd2056bce33,981251eb-408f-477b-8497-f610c0d51952,2508de31-c999-457e-98c3-cf51660c263b,Trustly Technology Solutions Pvt. Ltd.,True,2025-05-15T00:00:00.000Z,,Rolodex
e39b4979-1381-4a61-9706-61251c040b5d,99a6700f-4f80-4826-bf38-ce5817cc8138,978312000000439699,Simran Boparai Archtelier,,,,MetaliaBigin
2a4b9c43-1fd8-48d1-95b2-ee0066340706,99e274ec-1410-4fe1-bc01-8c3c8fd3bd07,1005878000000436487,Lyth Design Studio,,,,ColourcoatsBigin
ac1dc18c-58ae-4b7b-96e8-2335c72ef04d,9a250814-fc18-4c2f-a6c0-8909ee245ac9,978312000000439686,Matra Architects,,,,MetaliaBigin
266a12ac-0b54-478b-97e0-c6610048473b,9b704834-3a00-4316-bfb5-8adf8034ace4,978312000000422292,TOD Design,,,,MetaliaBigin
888bb288-888f-4d00-b2d7-a115c125904b,9b8dc8ec-0ffd-4413-8604-fae12835ae31,314cee21-afa7-4f46-b1d0-7360fb35a8f7,Colour Coats,True,2025-08-07T00:00:00.000Z,,Rolodex
caec5175-3e6d-4ab1-b138-5750703948fe,9ba856a0-8382-460f-9c61-9e8e1513ebd6,3c02bbf4-f028-46ed-a77a-17d8921c43bb,HIFAB - TWF,True,2025-05-15T00:00:00.000Z,,Rolodex
19763ded-2995-477e-abf1-584be5e7e64a,9bbfd56f-d45e-41c3-a781-c036590fe77f,01233616-2bcf-4150-966a-24f31fa17982,iDesign.Market,True,2025-08-19T00:00:00.000Z,,Rolodex
421b98ec-c4ad-4da7-829c-bf6a31398cf1,9c255e46-8e38-4d8f-8991-8f1d05c85b67,978312000000422282,Spaces architecture studio,,,,MetaliaBigin
1eb1a0ec-dde6-4535-a234-bd9fd178c1c4,9da26ce3-a01c-45c5-ae08-80dd78f52d9e,978312000000422301,Qube Design,,,,MetaliaBigin
32400cb7-06ca-4998-8be3-520036bf1554,9de7db65-7eb4-4adb-ad28-c8e65bec1c47,1005878000000436393,Brio,,,,ColourcoatsBigin
fef87b84-ecb2-4415-b41e-f756ecb36631,9e17ce79-10f2-4731-952b-e227d75fc6fc,f574dbc2-d2ed-4e57-af26-759a8e856787,Futurebiztech,True,2025-09-12T00:00:00.000Z,,Rolodex
2fa92b96-7461-46e9-abf1-af7338a4822e,9e1ddfd2-98f5-4a8d-979d-64570616a2f8,782f7508-7dd2-4e7d-9ce5-30cd44719645,Getpowerplay,True,2025-09-20T00:00:00.000Z,,Rolodex
61b266c0-ce0c-48df-b2ba-0e83c84e2904,9e5fd28a-301d-4e97-8efd-e3364cf83fa6,23ad6f69-0941-4bbf-9e45-72a3fb72bd05,Pareto Capital,True,2025-06-09T00:00:00.000Z,,Rolodex
61c2b425-9f99-4521-b275-c997c003c3e5,9ea8068f-1c51-4e89-b8a9-62eda9863132,45f59815-0298-4ecd-aed6-7e68083a26c5,ZenStatement,True,2025-05-15T00:00:00.000Z,,Rolodex
6cfdeefc-fe5c-4dd4-809b-3e25458e6802,9fc80fd5-d91a-455b-a75f-5822571b2491,2cc5abc7-0631-40a7-9f40-54630f859005,Modernizing Trends,True,2025-06-15T00:00:00.000Z,,Rolodex
62133e84-30ec-4075-8b93-4262ce617843,9ffc7ce6-eaed-43cd-b9ad-78dc10839dd1,17a8c0aa-71d4-4e38-a971-ef02cd425b4c,AllHome,False,2025-05-17T00:00:00.000Z,,Rolodex
58392d65-a732-48ce-9da9-2043b8b4ea4a,9ffc7ce6-eaed-43cd-b9ad-78dc10839dd1,0dfc0db8-b68f-4490-b9a2-a879df95b93a,Bharat Founders Fund,True,2025-07-23T00:00:00.000Z,,Rolodex
5c464a7a-4d6d-417e-81ac-2762dd86127b,a01810f7-1fbf-4d05-a1a1-07338f24d5aa,1005878000000436410,DesignHex,,,,ColourcoatsBigin
d10596e4-57ac-4719-b39a-fcb9a8b40c62,a045785b-cbc0-4a38-83df-7f76fe751702,1005878000000436362,Adnd Studio,,,,ColourcoatsBigin
3639be03-a7f6-4d7a-8e3f-44ccab6ad3f8,a0eaa220-d229-4e64-b68b-6c08d1875c25,978312000000433042,Design Consortia,,,,MetaliaBigin
afe40eb8-768c-4109-b656-b42d875a70b0,a1ac66a4-3913-485d-8510-d2706b095521,17a8c0aa-71d4-4e38-a971-ef02cd425b4c,AllHome,True,2025-09-17T00:00:00.000Z,,Rolodex
940849dd-9f3d-43d9-a25f-e85948bb87e0,a1e0801a-7d42-4938-b628-057dd5c392aa,02ecd1fe-9249-4761-ad36-be98ee5b1bc4,Searce Inc,True,2025-05-15T00:00:00.000Z,,Rolodex
e3368337-f03d-4fd1-abad-baaaf85b7fd6,a355694d-1060-4919-87bc-8a44245deed4,978312000000440494,Vipin Goel,,,,MetaliaBigin
b6734d8c-384c-48e6-a5bc-1e7e8e7a2d21,a3bef48c-c5b7-42a0-9ca3-d8a9eb573ee1,17a8c0aa-71d4-4e38-a971-ef02cd425b4c,AllHome,False,2025-07-15T00:00:00.000Z,,Rolodex
21e27f54-f94e-4899-8485-20f6c8672d8c,a3bef48c-c5b7-42a0-9ca3-d8a9eb573ee1,0dfc0db8-b68f-4490-b9a2-a879df95b93a,Bharat Founders Fund,True,2025-07-21T00:00:00.000Z,,Rolodex
862c5462-4b8d-4b35-a67d-7a7dc6ec1256,a40bd5a2-53aa-444c-82f8-d4f67c63e801,978312000000439387,Luxury homes builder,,,,MetaliaBigin
588b7ed8-b014-4fcb-aced-a6493a744724,a6217611-8f4e-4ae1-b1e6-423b085e821f,0dfc0db8-b68f-4490-b9a2-a879df95b93a,Bharat Founders Fund,True,2025-08-11T00:00:00.000Z,,Rolodex
d68fb90c-8555-449c-a099-3921d1e56cbd,a62842e6-dc6e-4a24-b3a8-dc1686ccb029,978312000000422281,Unorthodox Design Studio,,,,MetaliaBigin
156cb4d5-a42b-41af-a051-478901629237,a6623e38-b923-45a3-ad7c-138ba65bd34d,978312000000491080,Credo Interior and consultation,,,,MetaliaBigin
9d8523b0-a73c-455b-ba14-dce58a2f9c1e,a6c94686-3cc3-4495-aab5-819c1a71e0d2,314cee21-afa7-4f46-b1d0-7360fb35a8f7,Colour Coats,False,2025-05-15T00:00:00.000Z,,Rolodex
02dd0f99-4384-4613-a966-b4b5c785a8ee,a89718ce-3cf1-4958-9e74-b76e1c79e5e3,782f7508-7dd2-4e7d-9ce5-30cd44719645,Getpowerplay,True,2025-09-18T00:00:00.000Z,,Rolodex
e9de6173-d2a5-4dbc-a39d-65ab26f6d185,a9eaf612-e36b-470b-8a72-6a6da3f3b218,978312000000439670,Corpora,,,,MetaliaBigin
6cfef966-58dd-4928-acfa-0ebdb72c9440,abd75a37-9cb1-4fd9-807a-4125036ac611,f574dbc2-d2ed-4e57-af26-759a8e856787,Futurebiztech,True,2025-08-11T00:00:00.000Z,,Rolodex
9fcf5938-7583-45fa-8f1f-6a8199b48332,abdc067a-168e-4d97-b002-c0c89738f92e,e5ce1e42-37ad-4bc4-8984-eaf128cff05f,Zoho Middle East & North Africa,True,2025-09-18T00:00:00.000Z,,Rolodex
a55ae6dc-b0d7-450c-b367-34ae2cf9b9df,abee5dce-e07b-4be2-8ef9-b993441930cd,314cee21-afa7-4f46-b1d0-7360fb35a8f7,Colour Coats,True,2025-09-18T00:00:00.000Z,,Rolodex
d9ba338b-b263-4df9-8c5d-518e9b5ae01a,ace8b3cd-1010-4a0d-8781-acdb23ffc172,0dfc0db8-b68f-4490-b9a2-a879df95b93a,Bharat Founders Fund,True,2025-08-16T00:00:00.000Z,,Rolodex
c0c36c16-8b3e-43cf-9995-b05878af219b,ae963b48-1c45-40ee-9860-d5464854575d,045f4eca-c464-44d5-ada1-29c2a771d81e,Metalia India,True,2025-07-28T00:00:00.000Z,,Rolodex
6276193a-5c4f-43af-8725-81161a5f783a,aec23f9d-4e59-4af6-a2b5-a7425f2c40bd,3566d9a0-df16-4f75-a7e2-ba7d80f406c8,Contetra Private Limited,True,2025-08-26T00:00:00.000Z,,Rolodex
e2899f8d-d8f7-4e9d-ab99-9d167dbe628d,af8e651e-b34e-4142-b138-6400a53493ea,3566d9a0-df16-4f75-a7e2-ba7d80f406c8,Contetra Private Limited,True,2025-09-02T00:00:00.000Z,,Rolodex
b5afb43b-b339-4b01-858b-ea7cb97431b2,b06dce2d-3266-44d4-af7b-4de626016bed,978312000000422311,Garnet,,,,MetaliaBigin
f923449d-fe70-4678-8c09-227181d3d799,b088ae23-e3fb-49b6-9733-edf8aeb0fdfb,0dd76dd7-ead6-4de3-afa4-09d5d438d52c,Waterways Ceramica Pvt. Ltd.,True,2025-05-15T00:00:00.000Z,,Rolodex
7d57ddcb-a75d-49fc-923c-69700c620615,b08aa5e2-e3cd-4c9f-8a9e-56dfb75861fb,83e0ef8e-d353-42b7-a0ef-ee9136478b77,Avendus,True,2025-08-18T00:00:00.000Z,,Rolodex
ce9d1bec-0a92-47f2-ac7e-52d0104fe9ac,b20b9269-91f9-4a0d-bcdf-3cacf15cd444,f574dbc2-d2ed-4e57-af26-759a8e856787,Futurebiztech,True,2025-09-12T00:00:00.000Z,,Rolodex
af0da697-1389-4f9f-a9c8-49392c0f755e,b21aac69-ddaf-4b3e-9885-6f7862cbffd9,978312000000439678,Habitat,,,,MetaliaBigin
8240fd5d-51de-4145-9f88-40e744c426db,b26b2cb5-cd49-4471-bd7a-3bc5a801580c,8a8f1281-300a-4c85-a10d-223b468caa6b,Millions,True,2025-07-31T00:00:00.000Z,,Rolodex
efb0cf57-8a06-481d-8c9e-9ba203bf9bc1,b2f0bb1d-87fa-41e9-84a4-2ec94deb3820,978312000000422286,42MM,,,,MetaliaBigin
72dd0d40-9865-4111-affb-8419e7570126,b329a774-b2e2-4774-8a7d-0f217d9850d0,978312000000439702,SSDA,,,,MetaliaBigin
cc32e6a7-e3b0-4ab8-aa0c-ec15903b35f8,b37dccfb-a88c-40c8-ba61-56943fdc68fd,17a8c0aa-71d4-4e38-a971-ef02cd425b4c,AllHome,False,2025-05-15T00:00:00.000Z,,Rolodex
e1e164bf-eace-40d0-aa43-f0c647e48e41,b37dccfb-a88c-40c8-ba61-56943fdc68fd,0dfc0db8-b68f-4490-b9a2-a879df95b93a,Bharat Founders Fund,True,2025-07-21T00:00:00.000Z,,Rolodex
9b9b2637-523e-46cd-8ea9-c188056bffdb,b37dccfb-a88c-40c8-ba61-56943fdc68fd,57f8cbe6-0c41-4de7-bbc8-f784d363cf57,PharmEasy,False,2025-05-21T00:00:00.000Z,,Rolodex
57cd0352-cde0-4904-8256-d78ef6d51b8f,b3a88e2e-8e74-4875-a770-197e1d27c218,569176bb-4577-4ed2-8a63-f782b847f07a,Claire.ai,True,2025-09-02T00:00:00.000Z,,Rolodex
6aec7534-3713-46d4-a1eb-a69c6a162c25,b3ef06cc-db56-45fc-94a7-0186152f6b69,23ad6f69-0941-4bbf-9e45-72a3fb72bd05,Pareto Capital,True,2025-05-15T00:00:00.000Z,,Rolodex
b4df484f-9e1d-48c7-b86b-198a224e83f1,b48cd229-5ece-460d-8fcb-12c81b3dc364,c861d3d5-0986-4766-8b62-165aa363e709,Fiamarc,True,2025-05-15T00:00:00.000Z,,Rolodex
7249dddb-fe4b-4ad1-8b0d-8e89a3c91b51,b48cd229-5ece-460d-8fcb-12c81b3dc364,b866028e-81b1-4df3-a3e0-4f8107427a3f,Jyoti Group,True,2025-05-29T00:00:00.000Z,,Rolodex
9913fa96-d96e-4fd3-a02b-0b3fe8ac0ab2,b6398728-fe78-4cb4-8be2-6df2c0880f98,978312000000422313,Porthole,,,,MetaliaBigin
0e6e2d43-5ffb-4ab3-a0e1-c7444d050dd5,b6b38167-7676-4d5f-9187-760cf4b04f6e,978312000000422308,Morpho,,,,MetaliaBigin
91b5ee12-7bcc-4bae-9a00-bbe4e3e2eab5,b972b38e-d4b8-4c3a-bb70-22a1090ec997,17a8c0aa-71d4-4e38-a971-ef02cd425b4c,AllHome,True,2025-09-26T00:00:00.000Z,,Rolodex
acbe5704-0e6e-4e26-ad4b-95fb326ac3c1,b9f13b68-ae66-4fe1-89dc-b2cfbb8fcf11,1005878000000436456,Hiral Jobalia Studio,,,,ColourcoatsBigin
d7485c4f-04de-4edd-808c-690c6464d85c,ba436df7-7fc1-4673-8198-a0ecc57ba616,9dc9436c-a389-49d1-867c-1e6e55a4ae4a,Clay,True,2025-09-18T00:00:00.000Z,,Rolodex
1e60a96c-a8ae-421b-8e25-87c757189b6a,bb11894e-13dd-439b-bec1-48b9f3ef2579,978312000000422302,Visarg,,,,MetaliaBigin
0fb4fe4e-76d4-496d-9f91-9dd3fcd2f47d,bb2965fa-8d3c-4b24-bd33-70c528a83cfc,978312000000439700,Space Design,,,,MetaliaBigin
e19aa4e5-dfc6-4d62-a5f9-b0d6b104fdbb,bb571cb4-947b-4e88-b6da-89b7ff38f17d,17a8c0aa-71d4-4e38-a971-ef02cd425b4c,AllHome,True,2025-09-23T00:00:00.000Z,,Rolodex
3a19c430-3fd0-4fb7-87dd-096fefaa9cb8,bb896798-18fd-447f-83bb-61713178088a,0dfc0db8-b68f-4490-b9a2-a879df95b93a,Bharat Founders Fund,True,2025-09-17T00:00:00.000Z,,Rolodex
84c187b5-5ed6-40bd-9857-e764c021313e,bbcd3ad2-4f46-4527-8380-24dca19fa1dd,cf490d8b-b101-493f-bbf7-781837358789,Composio,True,2025-09-18T00:00:00.000Z,,Rolodex
a06623fa-434e-4a82-ab42-6a75b4178a6f,bc083f25-7455-4d8f-9b79-9cec0eeebc7b,978312000000422280,Confluence,,,,MetaliaBigin
f26aa85c-1afa-4c19-bb3a-d8c5918cd2fd,bcc76552-263f-4db8-9686-32f139eab92c,978312000000422303,Archirace Studio,,,,MetaliaBigin
fa931542-305e-40ba-b05c-497fccc7ea72,bcf52fc6-8e3d-4e65-9157-ed5e29594298,978312000000433042,Design Consortia,,,,MetaliaBigin
f8d1a596-a0a3-4745-b410-ba53c2d8bb0d,bdb66314-d4d8-49c1-ab91-4383c742561c,978312000000447258,Design Atlier,,,,MetaliaBigin
b72f577c-cbe2-421b-a0eb-0def2e5c2c93,bdcf45c8-0000-47a8-a5fc-9827c0b0f3b0,045f4eca-c464-44d5-ada1-29c2a771d81e,Metalia India,True,2025-05-15T00:00:00.000Z,,Rolodex
a5571d04-81f2-49f5-91f1-e87b1836598e,be2537a0-fbb9-41d3-b9d6-77ad2575c46d,978312000000439695,Rishabh Jain & Associates,,,,MetaliaBigin
a4afb174-ca4d-426a-b75f-7500516097a7,be6a4431-3dfe-4626-8914-9e172abaacce,978312000000439685,Living Space,,,,MetaliaBigin
746c7799-1cf8-4744-b5c7-5f2643e2aa33,bea7a48a-fd65-40e1-941e-b72e44f21880,978312000000439674,DFI,,,,MetaliaBigin
53b4d7fd-6909-4077-be92-10af0da63c20,bf2fd089-a105-43c9-871a-6edb6e3cd4db,1005878000000436575,Studio Astra,,,,ColourcoatsBigin
44e3cd51-ef5a-4809-9add-520c9b001d9e,bf45eefc-cc4d-4091-9aef-1f84b0f1b96b,978312000000433083,BUILDER,,,,MetaliaBigin
af927508-e244-4d0a-b3d8-f1b16aa7b9e0,bf9da064-7486-4ca3-a269-d46bb7fa8ae7,49747108-fb86-492b-a6c3-65c02d03f2ea,Totality Solutions,True,2025-05-28T00:00:00.000Z,,Rolodex
17eee0d0-a84f-4be6-a2ed-18ad7ddc79dc,bfe675ec-a8e7-40ce-afe6-ee1b612ae40f,0dd76dd7-ead6-4de3-afa4-09d5d438d52c,Waterways Ceramica Pvt. Ltd.,True,2025-07-21T00:00:00.000Z,,Rolodex
dee21845-b807-4a66-b551-e97bd5a7fa77,c0590589-be5e-4d72-b448-9f55f91a4bb9,1005878000000436531,Rajiv Saini & Associates,,,,ColourcoatsBigin
057cf1bd-acfa-4280-adc2-02d6f6695e12,c086f768-c55c-4d17-8fa1-5ba1305711e7,e5ce1e42-37ad-4bc4-8984-eaf128cff05f,Zoho Middle East & North Africa,True,2025-09-05T00:00:00.000Z,,Rolodex
0d5f210f-06cc-4aef-a8e5-ee301f143c26,c0894539-5380-4c76-b680-b778338998ee,8a8f1281-300a-4c85-a10d-223b468caa6b,Millions,True,2025-09-23T00:00:00.000Z,,Rolodex
c1498299-4e4c-4201-a18f-ebfc59455b51,c0a2da8d-44f5-41d0-ba39-dfd020e1976f,1005878000000436860,ZZ Architects,,,,ColourcoatsBigin
1fe7c48f-574c-4ed7-8720-a0dba53fa8de,c0dfa0b2-414d-4d3f-8830-497dd55d5b69,c557c589-a8b8-4f56-a7af-be1f701b4916,Projectstudio,True,2025-09-18T00:00:00.000Z,,Rolodex
c417ce58-801d-49c1-9ecb-11724c80d445,c1275800-63d4-418e-abef-e41d8ea9daf7,1005878000000436457,Hiren Patel Architects,,,,ColourcoatsBigin
9d7a1792-e3a5-4985-b292-d9308cc8a2fd,c18be6fb-02a6-4731-81b5-a57d5c725d30,045f4eca-c464-44d5-ada1-29c2a771d81e,Metalia India,True,2025-06-10T00:00:00.000Z,,Rolodex
5d726da7-91af-4102-9b05-ee6715b53d81,c1ea95ed-f2d4-46dc-aa48-525894698bf9,0dfc0db8-b68f-4490-b9a2-a879df95b93a,Bharat Founders Fund,True,2025-09-11T00:00:00.000Z,,Rolodex
4207d3f7-bb4e-448f-a1c2-96a02410db87,c2c27abe-d33a-42b5-8f2e-416e5720e2e8,978312000000470653,AND Studio,,,,MetaliaBigin
aea7f161-e9d7-423c-bb5c-b95eadc27ccc,c2e23a24-6cef-40b2-aade-e0391e1f05ed,978312000000422291,Porsche Design,,,,MetaliaBigin
b72bb826-f095-4d2f-b310-85f473bb3bb1,c3ec8cfd-7d97-483d-aa1d-1f3aad023c14,978312000000439691,OATS,,,,MetaliaBigin
f8a96859-6f73-45b5-90ce-6d0facdc401d,c4985b65-485d-4c45-b0fc-41d921187b82,978312000000439693,Paradigam Design,,,,MetaliaBigin
7b736798-78b8-4878-81b8-47f24cdc8c77,c4f6a3f8-503c-4fc2-a843-72762ad45e70,cf576362-6851-429f-bf75-3ecc054b9dfd,Napkin,True,2025-09-17T00:00:00.000Z,,Rolodex
ec8dc7bf-aaf0-494a-9003-f425b69e7b02,c54369b1-39c0-4062-92f9-be317fab780f,02ecd1fe-9249-4761-ad36-be98ee5b1bc4,Searce Inc,True,2025-09-18T00:00:00.000Z,,Rolodex
0d85f36b-b5ce-4dc1-a0ea-7896bbd26e6e,c580fc56-9118-4c11-a2e4-3d59f65c39a6,782f7508-7dd2-4e7d-9ce5-30cd44719645,Getpowerplay,True,2025-09-23T00:00:00.000Z,,Rolodex
2db67c09-ecbd-4ab0-ac03-a96115af52f0,c5a43974-f4c0-45bf-b90a-24ec76ef1f01,978312000000422298,Ambika Group,,,,MetaliaBigin
a3a6e2de-97db-44fd-8c1d-4d016ef1d412,c5c86eb0-9b22-4ff3-93ea-d5c2c525bc5b,978312000000440399,Projects Ltd .,,,,MetaliaBigin
50560ca5-f60c-4863-a5ec-07750c3589ab,c6383422-8f07-4f9c-8362-e0902338ca6d,f455d361-ffb7-471b-9856-9e86608a0fd2,Zohodirectory,True,2025-09-25T00:00:00.000Z,,Rolodex
57acd1a3-5185-404d-a477-e774afb053b6,c6500cb7-e565-46ef-9806-bc5e529ed506,978312000000439659,1vision,,,,MetaliaBigin
8d1f7263-d076-46de-b774-6d68e9b517f7,c7429098-5f5d-4e0b-90d0-49e62ae9188e,00a5b488-5738-4319-b8cb-951e7dff4bbd,Bigin by Zoho CRM,True,2025-09-25T00:00:00.000Z,,Rolodex
568f1c56-616b-4754-80fe-229bf703c282,c8eeff60-c506-47f1-893f-e22c07ea29b8,e5e15caa-9aed-4c57-9194-1dab519edc90,Khaitan & Co,True,2025-08-12T00:00:00.000Z,,Rolodex
62a030e3-4587-4060-aa66-69be998bef0e,c90fce23-16e8-4461-9ff9-a1ea42cb4939,978312000000439171,floor and furnish,,,,MetaliaBigin
0d5acb32-73e7-4e6d-94ca-2fadce5592e2,c981f3e1-5610-473e-8b7b-67e242b3eca4,e95fe669-f6f5-44e8-bac5-a485adcf3912,Mail,True,2025-09-18T00:00:00.000Z,,Rolodex
11339e16-341b-44ef-98fd-f4b2d3adb3e4,ca76aad6-41ef-4e9e-8cd5-1ef21f4a6b88,87bdbc91-e7a2-47f0-8bab-aeeb8053b50d,RDash (YC W22),True,2025-09-18T00:00:00.000Z,,Rolodex
e6d804c4-f24d-4105-8956-b8dc63226156,ca9c237a-b17c-4f16-b382-e8368b34b686,98a452d3-a17b-4c20-8ee4-5a38d9346878,Zohoprojects,True,2025-09-17T00:00:00.000Z,,Rolodex
9ac5bd14-db2d-40b0-bc56-c89ebdb277ad,cad034b4-663e-4e48-8883-f6318df717a4,8b08e609-1dda-44d0-8854-c15f46534fbc,Emailnotify,True,2025-09-18T00:00:00.000Z,,Rolodex
d5af0a2c-bc51-465c-9646-52bbac935286,cafc26ea-318b-4bcb-a2aa-4f91c53ac30a,365c6b90-d780-4a99-8e99-bd6a4b070cfd,Avarchar,True,2025-09-18T00:00:00.000Z,,Rolodex
319982af-8c68-476f-a8ad-3ea289d15e48,cb85ff50-d5da-4225-b3a0-eb853781f38a,3566d9a0-df16-4f75-a7e2-ba7d80f406c8,Contetra Private Limited,True,2025-09-04T00:00:00.000Z,,Rolodex
41fd7a7a-5e45-49c8-91a6-9f044192da75,cc733804-a71f-4c6e-9bc4-2252a0d0f7a1,3566d9a0-df16-4f75-a7e2-ba7d80f406c8,Contetra Private Limited,True,2025-08-20T00:00:00.000Z,,Rolodex
a2ec5612-7777-485b-9d5c-d2260d00c038,cc903b79-11e1-4ebe-9090-b90590cc0727,978312000000422290,Asro Arcad,,,,MetaliaBigin
676837fb-e2a4-47e6-96f7-6b0723d1f44b,cd01c76f-0af5-4014-ba49-c97a2b951a42,978312000000447252,Reza Kabul,,,,MetaliaBigin
10065032-a061-41dc-a6ac-f1a2a979b00e,ce050622-cf70-4f1f-aab3-25d3e4a64b19,15259a27-0b1a-447c-a418-e7b3ac834e7b,Googlemail,True,2025-09-18T00:00:00.000Z,,Rolodex
f1d9389a-4104-4ba6-bd8d-e05c15d869bd,ce34ad37-a64c-4ec3-a3f7-1bd94c1f17f2,494851c0-9c9c-4655-90a4-8f1a1f68b34a,Email,True,2025-09-18T00:00:00.000Z,,Rolodex
fc76a187-1593-4124-bf1a-65825042ad03,ce5c3e94-8367-42d7-a159-2199d219a823,e5ce1e42-37ad-4bc4-8984-eaf128cff05f,Zoho Middle East & North Africa,True,2025-09-01T00:00:00.000Z,,Rolodex
b3e26474-5c86-465c-9377-3e4fb8f594da,cea21d22-ce69-43b4-b7ad-44e968d3bf5e,9721c444-9a29-46cc-9398-2520cb3e731e,ZenStatement,True,2025-07-29T00:00:00.000Z,,Rolodex
9b3e074f-a2ad-4a68-bdb3-e3786b17dffd,ceebee16-511d-4f11-ac1e-ebf56c3a3f67,1005878000000464394,Mind Frames,,,,ColourcoatsBigin
93fbf0d8-6258-480e-a296-aeb070e28b29,cffd9ed7-f3b0-4eee-adf8-49ab8d7ffdea,978312000000439687,Minimalist,,,,MetaliaBigin
0a161dd3-82e0-4a99-9238-0ba07b2ca338,d008ca81-74ec-454d-8fc8-531728ea30a9,6df4ecf7-65f8-45a9-84f5-866b007ac13f,Mail,True,2025-09-18T00:00:00.000Z,,Rolodex
6a163b91-da0d-4e57-ab4c-ea008e271ce5,d0337080-ddb1-4ced-94f3-ec7277aab9e8,978312000000447257,Rajshree Builders,,,,MetaliaBigin
3f073d52-3dac-4604-845d-6b0d48fbdafa,d17b22e6-2fd0-4507-8bda-91242b65eec2,978312000000422312,Transform Design,,,,MetaliaBigin
cd057163-3d55-4ca8-a2bf-2c3ba80597b3,d2c61e74-6cb7-4a4f-808e-3253de24381d,00a5b488-5738-4319-b8cb-951e7dff4bbd,Bigin by Zoho CRM,True,2025-09-18T00:00:00.000Z,,Rolodex
51b2394a-57c4-4852-98ec-60790a8e44fb,d2ced433-70a1-4bab-a991-cff4398b417f,978312000000422318,Aryan Promoters and Builders,,,,MetaliaBigin
a41f5f00-55b5-4c99-a40e-a5a753b2d5a9,d38bec2f-46fc-4c0a-ac42-0a737c1c61b2,978312000000439705,Studio Prefix,,,,MetaliaBigin
c95f629e-d1a9-4d5d-9bb0-40b5456f321e,d3a4b5d8-ecc4-4352-8bd3-23f7745e01ab,978312000000439660,32mm,,,,MetaliaBigin
3ee58785-9d25-47bf-a648-cdeecd376e8c,d3cbbfc9-ae7d-4b2d-b983-5607f4bb68dd,0018b8e3-9d07-4b43-ac6a-23a115a6e3c4,Vicharak,True,2025-09-09T00:00:00.000Z,,Rolodex
cc44b9c4-93aa-43e0-8650-548c67c20251,d44e42d1-6bef-4836-8a2b-e541a4f29a0d,978312000000422319,WMA,,,,MetaliaBigin
a86788ba-6935-4f80-bd37-eecaa2124036,d48940bf-0dcd-42cc-abfa-3e13551c4155,3566d9a0-df16-4f75-a7e2-ba7d80f406c8,Contetra Private Limited,True,2025-09-02T00:00:00.000Z,,Rolodex
9ad595d8-f92b-424f-b408-ba204dfdb710,d48e5e5c-b8c9-4a70-b374-89be9710aec7,295be0df-5171-4cfb-b00e-feb2d0172b4b,Leadsquared,True,2025-09-18T00:00:00.000Z,,Rolodex
d6022df2-6b24-45b4-92ff-c9e8705b324e,d4d5bdb0-5b96-43c3-93c3-5642a2b490dc,c861d3d5-0986-4766-8b62-165aa363e709,Fiamarc,True,2025-05-29T00:00:00.000Z,,Rolodex
bcef7569-af92-4f2c-ac99-41e2be18f184,d57c2977-933b-4301-994a-a3c48a57da2f,314cee21-afa7-4f46-b1d0-7360fb35a8f7,Colour Coats,True,2025-07-01T00:00:00.000Z,,Rolodex
d28561cd-ddd0-40a4-be88-18dd7f6dc722,d72db7f3-1717-4424-9cd0-7fa0751e2015,c5015636-4c55-49b1-aeb4-5928999e618d,Odoo,True,2025-05-16T00:00:00.000Z,,Rolodex
1285952c-684d-46cc-a13d-0084b0a63493,d894d228-d797-444c-a048-0780db069033,83e0ef8e-d353-42b7-a0ef-ee9136478b77,Avendus,True,2025-07-07T00:00:00.000Z,,Rolodex
9426aee9-c43c-4e85-a990-558b716ca7f8,d8bd50d8-2d7e-43a4-bf74-7a770ec40376,1005878000000436457,Hiren Patel Architects,,,,ColourcoatsBigin
88d26d86-df99-4b9a-a528-c885173ce64d,d900a15c-be7f-498a-8569-b9671e6a07a8,c861d3d5-0986-4766-8b62-165aa363e709,Fiamarc,True,2025-05-15T00:00:00.000Z,,Rolodex
ad09e49a-7f01-4a2a-a295-489d08e88b47,d900a15c-be7f-498a-8569-b9671e6a07a8,b866028e-81b1-4df3-a3e0-4f8107427a3f,Jyoti Group,True,2025-05-29T00:00:00.000Z,,Rolodex
dfd78808-a886-4ea6-95c8-82f68a3a240f,da4939b5-e63c-49f8-a0a4-f197f0b3bfa4,860f1ab7-1c1a-4e39-8424-3252ab61750e,Linenwalas,True,2025-09-22T00:00:00.000Z,,Rolodex
31fba72d-9bcb-4722-889a-5a8ba8e7184f,db1c2b1f-59a4-484a-a660-312a9d1f7332,c557c589-a8b8-4f56-a7af-be1f701b4916,Projectstudio,True,2025-09-16T00:00:00.000Z,,Rolodex
08c545d0-7070-4a36-ad6e-7fef03d8a1b5,dc6af3ae-b9d3-4d7a-802a-efe2fb625691,045f4eca-c464-44d5-ada1-29c2a771d81e,Metalia India,True,2025-08-26T00:00:00.000Z,,Rolodex
4c6c8034-7dae-49fe-b8bf-be528881148d,dc8a157c-516e-4952-8315-ce1eb71e5971,17a8c0aa-71d4-4e38-a971-ef02cd425b4c,AllHome,False,2025-05-15T00:00:00.000Z,,Rolodex
60344762-fc7e-49c2-bda9-66b95f1527a9,dc8a157c-516e-4952-8315-ce1eb71e5971,0dfc0db8-b68f-4490-b9a2-a879df95b93a,Bharat Founders Fund,True,2025-07-21T00:00:00.000Z,,Rolodex
9cfa693f-e84c-44c9-9913-4ecd111626ca,de22e96a-4d6e-45f1-a9bf-4f9159009a5a,17a8c0aa-71d4-4e38-a971-ef02cd425b4c,AllHome,False,2025-05-29T00:00:00.000Z,,Rolodex
64ce45d8-e2fb-4dd9-96ad-82ab12e28c89,de22e96a-4d6e-45f1-a9bf-4f9159009a5a,0dfc0db8-b68f-4490-b9a2-a879df95b93a,Bharat Founders Fund,True,2025-07-23T00:00:00.000Z,,Rolodex
6bf4f125-0081-45df-a742-c7cbb03925e9,de6721fd-bb3a-4040-b77b-ddbd9597938d,17ec3e94-ed6e-4f65-aeb9-4d79751ee345,Tunes Interiors,True,2025-09-22T00:00:00.000Z,,Rolodex
99534bd3-aadd-4f9c-9db0-d7fb1cead826,deeba31a-27e4-41b6-ae58-4be937278390,58d326f4-e294-493e-b37b-e471aec1ede2,Foyr,True,2025-07-07T00:00:00.000Z,,Rolodex
d89a7547-9db5-436e-8470-d5d4b237f5a1,df74fd52-b5ea-4a14-939e-99b5501671b6,978312000000422300,VAAS Studio,,,,MetaliaBigin
b538310d-b92c-4629-8c08-8d6580eaf568,df85d663-5e09-4bf4-822d-a62cd0baea48,978312000000484071,line & spaces,,,,MetaliaBigin
9285d11d-ef66-410c-bce4-09590c96acd6,e1502870-b6a4-4f7a-87db-59b54bf41d09,49fd2797-03b4-4c3c-b7bb-559ba9a8cf30,Akararugs,True,2025-08-13T00:00:00.000Z,,Rolodex
c265faa4-8de7-4b49-af60-d8a5dfe6a61e,e2fbf73b-46e1-4ffe-9400-ecc82005c624,572ac9e4-de8c-4542-8a8c-adf485a13d75,Sophos,True,2025-09-18T00:00:00.000Z,,Rolodex
93e008f1-e878-4564-86c6-846bdc93615b,e35b4855-f9d7-40df-bc0d-8e0dc5d222c5,e31f334a-5140-4c99-a918-33b22221971e,Getpowerplaymailers,True,2025-09-18T00:00:00.000Z,,Rolodex
fd82ac81-3f0a-40f9-9452-5630327c960e,e3e2212d-e9af-488c-a08b-e76688e62cd0,978312000000439663,AND Design,,,,MetaliaBigin
24aee570-7023-44c1-b3fe-82a66433d68f,e4fed328-7deb-42eb-9eeb-0cd7202d6c17,1005878000000445602,RITU GOREGAOKER,,,,ColourcoatsBigin
e6937b36-c679-4519-9723-b6173c197dc9,e5430d55-d201-4908-86a9-042b48328ed5,978312000000422315,Sambhav,,,,MetaliaBigin
f4aae559-e754-47c7-9a5c-203544f64f2b,e68b153e-885c-486a-b95b-6199953c3572,b8d8fc69-4023-4f27-947c-1587a73ed4e7,Mail,True,2025-09-18T00:00:00.000Z,,Rolodex
91393b3b-8974-45c8-b1e0-a03ba47aecf6,e6b97f95-aed8-4221-b293-8adbf0a7880b,978312000000422281,Unorthodox Design Studio,,,,MetaliaBigin
d8e0f80e-f972-43c7-bf62-223f53fd3c74,e795becc-3385-46e5-82d8-ae71f7b9d05a,978312000000447252,Reza Kabul,,,,MetaliaBigin
379694d9-9afd-43b2-9098-0b02368eb760,e80cb901-44ce-451f-87f1-9daa6467cd1c,1005878000000436583,Swati Interior,,,,ColourcoatsBigin
6f6e2ece-d4ca-4eab-9018-8d55cb541312,e842cfa1-0eb4-40d5-acc9-01826469bedb,978312000000439697,Sapra Engineers,,,,MetaliaBigin
f982c682-ee7d-404b-a3e1-8f46ac65774f,e865435f-89d4-4c3d-81f4-14d742800d29,978312000000439696,Ruchir Arch,,,,MetaliaBigin
b83691d9-3862-4f63-a2f4-6f7538561e03,e89d42f6-1180-4c0e-a5ce-608ad21d1cab,c861d3d5-0986-4766-8b62-165aa363e709,Fiamarc,True,2025-05-15T00:00:00.000Z,,Rolodex
c6563163-f030-4e87-9ce5-60dcadc27090,e89d42f6-1180-4c0e-a5ce-608ad21d1cab,b866028e-81b1-4df3-a3e0-4f8107427a3f,Jyoti Group,True,2025-05-29T00:00:00.000Z,,Rolodex
f4a8f167-ed20-47f9-bc09-42bb8d53e9ff,e8b4fdc2-115b-481d-b02f-3b24f8ed006b,902fdca6-6a67-4661-be2c-58134e5769db,T1,True,2025-09-18T00:00:00.000Z,,Rolodex
f1e49d33-457e-46ba-a185-41710e58fab6,e8dc71c6-ce4f-4fb1-86b9-7f34af62d27b,0afea75c-c7f8-4a88-9065-7b6d905bb3c1,Help,True,2025-09-18T00:00:00.000Z,,Rolodex
2d0230b8-81d0-43a8-a191-ffe415f019ee,e97706e1-3bbb-40c7-9156-1129e820e26c,f1620f7a-9078-42f3-8529-b3e112e9525f,Foryoungindia,True,2025-07-14T00:00:00.000Z,,Rolodex
99195346-59cc-4e51-9016-0adc5ec96452,ea9fcec1-6848-4778-b174-329a580008fb,0dfc0db8-b68f-4490-b9a2-a879df95b93a,Bharat Founders Fund,True,2025-09-18T00:00:00.000Z,,Rolodex
4f0811b9-686a-4cf0-9d45-0411f70ed51e,eae7e3fc-b82c-429d-9193-a20c21cebbad,978312000000422285,Aditya Birla Group,,,,MetaliaBigin
7d8bd932-2b2c-4972-a278-435647e48510,eaef10e5-6a63-465c-b8ff-d7dbc0c93917,2508de31-c999-457e-98c3-cf51660c263b,Trustly Technology Solutions Pvt. Ltd.,True,2025-06-26T00:00:00.000Z,,Rolodex
04150fa8-d686-4fef-aa4d-296ee4a4f4d3,eb2ee007-6635-4501-857b-24a85e4ae6d5,314cee21-afa7-4f46-b1d0-7360fb35a8f7,Colour Coats,True,2025-07-22T00:00:00.000Z,,Rolodex
cc6fd851-88e5-4714-bfec-b32a8ce22674,ec6e8392-1cd8-4376-b026-b19c21bad189,17a8c0aa-71d4-4e38-a971-ef02cd425b4c,AllHome,False,2025-05-15T00:00:00.000Z,,Rolodex
c7d69469-63ec-435b-8554-8dea6a3505ec,ec6e8392-1cd8-4376-b026-b19c21bad189,0dfc0db8-b68f-4490-b9a2-a879df95b93a,Bharat Founders Fund,True,2025-08-06T00:00:00.000Z,,Rolodex
ea060545-0aab-41a7-973f-96cd0b5c56c4,ec6e8392-1cd8-4376-b026-b19c21bad189,57f8cbe6-0c41-4de7-bbc8-f784d363cf57,PharmEasy,False,2025-05-15T00:00:00.000Z,,Rolodex
ac6cf03c-aa24-4741-b8f0-ddf516c64720,ec84f15c-9181-4bad-9281-7ec702c0cca6,978312000000422285,Aditya Birla Group,,,,MetaliaBigin
960d9103-41ef-4f60-ab40-cb23b20a274e,ee36cbf7-1eab-4055-b15f-9f8a1c961580,1005878000000438105,Test,,,,ColourcoatsBigin
bfae4dbf-551a-42f6-8430-1a9026401348,ee6663d1-629c-4106-be80-9ddcb6bad9b6,978312000000422317,Ar Devika team,,,,MetaliaBigin
eb0cfbc4-a1b3-466d-aee1-0caece3ee635,eee42b99-897b-4201-a97f-8684ef3d0961,2508de31-c999-457e-98c3-cf51660c263b,Trustly Technology Solutions Pvt. Ltd.,True,2025-07-30T00:00:00.000Z,,Rolodex
b69751dc-d394-478c-b1dd-ef7e9ea8715c,ef364c16-a8c1-464f-a6e8-79e854f08d85,978312000000439698,Shaheer Assocites,,,,MetaliaBigin
d198bfe7-5d54-4347-8857-748948367218,f05e8dd3-7dc0-493b-9a09-a48ab5b55797,0dfc0db8-b68f-4490-b9a2-a879df95b93a,Bharat Founders Fund,True,2025-09-15T00:00:00.000Z,,Rolodex
cba05682-b87e-41ea-a20a-65f699561984,f08929f8-6489-4c2b-8f9e-b6f95faf96e0,694dc90d-1804-467c-9a35-ea8838f09a7f,Leviathan Systems Pvt. Ltd,False,2025-07-22T00:00:00.000Z,,Rolodex
d34fc2a6-6134-4ba7-9893-f09583e4ecff,f08929f8-6489-4c2b-8f9e-b6f95faf96e0,09f52358-0bd2-48fb-bda7-049e5e4de991,Shadowline Furniture,True,2025-09-05T00:00:00.000Z,,Rolodex
75fd55ec-1e5b-43ff-b637-c6afab262f15,f0a5f9bd-8e0f-4794-87b8-5d1fac4b75d8,572ac9e4-de8c-4542-8a8c-adf485a13d75,Sophos,True,2025-09-18T00:00:00.000Z,,Rolodex
ef61a2db-33b2-4aea-8e81-62ca39440e9a,f0b062da-bc2d-48c7-b791-99f26a08430b,978312000000439694,QED,,,,MetaliaBigin
992476e7-9449-4644-a738-52601345dbdf,f0b2cf42-8a85-4b35-9fd8-c7c5f43ae0e4,978312000000439668,BA Basics Ar.,,,,MetaliaBigin
b90f2b75-edba-4af3-9998-c3f819283bc4,f106d1a4-de66-4846-87a0-57fdd273b34d,978312000000447248,ZZ Architects,,,,MetaliaBigin
3696b5e3-e553-4491-adcf-2ffdbfc8f8a8,f128610c-4c6d-4176-8a24-b2e2d50ee49a,3566d9a0-df16-4f75-a7e2-ba7d80f406c8,Contetra Private Limited,True,2025-08-20T00:00:00.000Z,,Rolodex
60cf8029-3f6b-4138-8973-a7589dfa3a63,f1916045-366d-4482-86e3-cd6eb5f3d5d5,978312000000422295,Studio Constantine,,,,MetaliaBigin
53f7cfc4-3ef2-4888-a2b1-442e79993ef3,f29b2ee4-4808-45bc-aee8-7bddf772d695,978312000000422284,Green Box,,,,MetaliaBigin
cce9b3de-ad2c-43e9-8504-37ef099afe9f,f3b1ff95-118e-460c-846a-d0b2fb01f9f9,9eb17dd6-73ce-4110-93a4-5b1367dfb624,Pluro,True,2025-09-18T00:00:00.000Z,,Rolodex
cd03229e-9328-47a0-8f81-20bb6ac28982,f3faac28-419b-4f89-8e21-a7c92ed1b28c,978312000000439710,TARC,,,,MetaliaBigin
fb8b8019-b45b-4668-bdf4-eab861286924,f449563a-ffc2-4d1a-bdc3-614d1d75448e,16747ca8-2d29-46eb-9ebe-87291cfa7621,Lewis & Hickey Architects,True,2025-05-29T00:00:00.000Z,,Rolodex
5497d34b-56e4-42df-b91f-fcdef5b79861,f476f3b4-d46d-4681-b441-e4c867702bec,17a8c0aa-71d4-4e38-a971-ef02cd425b4c,AllHome,True,2025-09-26T00:00:00.000Z,,Rolodex
46fca97d-ccce-4db6-8af5-c90cfb34ccc1,f59f8a82-ccfb-4183-8c51-8274c6af335c,83e0ef8e-d353-42b7-a0ef-ee9136478b77,Avendus,True,2025-08-18T00:00:00.000Z,,Rolodex
b3cf6ddd-4339-4e57-ba52-4feccf264849,f5b0c59d-a14b-4023-88f8-61512a9cba9f,978312000000422305,Design Atelier,,,,MetaliaBigin
bf303d2d-00fb-4b03-9f78-f72fcf58557c,f6488e99-63a1-4c17-a01a-5d41054a3748,4ec15bda-6d90-4bf8-95c3-cf5857bc792f,Touchstone Partners,True,2025-09-18T00:00:00.000Z,,Rolodex
e7927f70-35e4-472d-a553-4d4e6778d0ce,f6691b09-4c77-4f05-83dc-9136c5b704c3,b8d8fc69-4023-4f27-947c-1587a73ed4e7,Mail,True,2025-09-18T00:00:00.000Z,,Rolodex
3a3fc875-3378-444b-a5e4-32fc426f4d9e,f7253bd7-a7e6-4a60-8593-11055e8652fb,23ad6f69-0941-4bbf-9e45-72a3fb72bd05,Pareto Capital,True,2025-05-15T00:00:00.000Z,,Rolodex
6129fbf3-a077-4259-8397-f452f18c411c,f88e1cb7-d661-4faf-82c1-02ff29f6992c,0dd76dd7-ead6-4de3-afa4-09d5d438d52c,Waterways Ceramica Pvt. Ltd.,True,2025-05-15T00:00:00.000Z,,Rolodex
d34085c8-c7a6-44ea-9dce-5781a92fda55,f8ab5e77-82e9-4a28-9da2-af03cb8bc406,978312000000490155,And Aiims Guwhati,,,,MetaliaBigin
bd102569-8f9d-4893-ab60-64a5fca18e03,f8b72682-0a4f-467b-b25f-c7c03fbbd74e,314cee21-afa7-4f46-b1d0-7360fb35a8f7,Colour Coats,True,2025-07-22T00:00:00.000Z,,Rolodex
87e1ee12-8df0-4eaf-808c-860770da6c2f,f99d3ccf-4186-4481-9276-e403aa3b0ca8,fdca830f-f401-4794-b2ae-95e86a270b66,Blue Ashva Capital,True,2025-08-29T00:00:00.000Z,,Rolodex
98c136b2-c766-4c57-b93f-d24a9160858c,fa17dba4-4e4d-4032-9577-9996b1eec35f,978312000000439686,Matra Architects,,,,MetaliaBigin
7227155a-3372-4f3c-b670-01d1a75e8be5,fa4150e0-4b4c-467e-b415-c273eac22a6f,978312000000422296,Parashift Design Studio,,,,MetaliaBigin
828ff6ee-dad5-4be7-9922-444d1387e208,fabd00dc-2251-49f1-b616-910654475450,978312000000447250,Karan Desai,,,,MetaliaBigin
2d9e383a-8daa-43a8-901c-8cb2097fe07b,fbc1e645-4668-47b9-af3d-229826fbe735,c861d3d5-0986-4766-8b62-165aa363e709,Fiamarc,True,2025-05-15T00:00:00.000Z,,Rolodex
9f69d5a0-11ee-4f31-990a-46082041b58a,fbc1e645-4668-47b9-af3d-229826fbe735,b866028e-81b1-4df3-a3e0-4f8107427a3f,Jyoti Group,True,2025-05-29T00:00:00.000Z,,Rolodex
c21d1731-bf69-4e14-b644-4508e4083619,fc03ef2f-3fa3-402f-9ffd-bb395b2c8be6,978312000000439661,AD RS Design Sutdio,,,,MetaliaBigin
3e85e84d-c944-417b-ad1f-de567377f154,fcf3fdc8-dddf-44de-8106-71e98773d9ee,08e3b09a-58f9-49fa-8194-d2372ab25976,PwC,True,2025-07-21T00:00:00.000Z,,Rolodex
a3261e67-a34d-4e36-9cd0-f1647bd9f0b4,fd295dd8-29df-4945-abce-13a69a37c5f8,bdfc338e-85a1-4ad8-9ff4-3c86fa5ff1db,Somaiya Vidyavihar University,True,2025-09-18T00:00:00.000Z,,Rolodex
5c1133f6-2059-4383-a4aa-446f7a776560,fe1da1ad-cf0a-47ee-907f-e1c94cbb67d4,87bdbc91-e7a2-47f0-8bab-aeeb8053b50d,RDash (YC W22),True,2025-05-15T00:00:00.000Z,,Rolodex
e1435eb8-e6cd-413c-a06a-0ec4ea357cf2,feee6916-a04e-4779-9c5a-d003ebc1c2e2,045f4eca-c464-44d5-ada1-29c2a771d81e,Metalia India,True,2025-07-31T00:00:00.000Z,,Rolodex
5cbae1f5-64ee-4e19-b9dc-d9e8af133b2f,ff115487-5089-428f-aa75-06fe51a7b8bb,17a8c0aa-71d4-4e38-a971-ef02cd425b4c,AllHome,False,2025-06-02T00:00:00.000Z,,Rolodex
45f4cd35-8266-4936-b7bf-4083d2753a63,ff115487-5089-428f-aa75-06fe51a7b8bb,0dfc0db8-b68f-4490-b9a2-a879df95b93a,Bharat Founders Fund,True,2025-07-22T00:00:00.000Z,,Rolodex
